Search(h_max+GUB+delta_state),True,0.023921624990180135,21.00000020612517,13,16,st-custom-base-maze-10x10-seed00000,600.0,maze,maze,base-maze-10x10-seed00000,2,21,74
Search(h_max+GUB+delta_state),True,0.12328733404865488,17.000000004167536,44,75,st-custom-base-maze-10x10-seed00001,600.0,maze,maze,base-maze-10x10-seed00001,2,48,282
Search(h_max+GUB+delta_state),True,0.02979066700208932,15.500000001838188,16,25,st-custom-base-maze-10x10-seed00002,600.0,maze,maze,base-maze-10x10-seed00002,2,33,154
Search(h_max+GUB+delta_state),True,0.1676757910172455,26.000000000423896,98,98,st-custom-base-maze-10x10-seed00003,600.0,maze,maze,base-maze-10x10-seed00003,2,31,126
Search(h_max+GUB+delta_state),True,0.07310079201124609,18.000000000155868,54,67,st-custom-base-maze-10x10-seed00004,600.0,maze,maze,base-maze-10x10-seed00004,3,22,75
Search(h_max+GUB+delta_state),True,0.050301624985877424,19.125000160524504,34,46,st-custom-base-maze-10x10-seed00005,600.0,maze,maze,base-maze-10x10-seed00005,2,22,97
Search(h_max+GUB+delta_state),True,0.5758881660294719,21.388888899669702,174,362,st-custom-base-maze-10x10-seed00006,600.0,maze,maze,base-maze-10x10-seed00006,3,47,227
Search(h_max+GUB+delta_state),True,0.06963091698708013,23.00000000359775,63,73,st-custom-base-maze-10x10-seed00007,600.0,maze,maze,base-maze-10x10-seed00007,2,30,175
Search(h_max+GUB+delta_state),True,0.13169670797651634,19.000000000067146,59,66,st-custom-base-maze-10x10-seed00008,600.0,maze,maze,base-maze-10x10-seed00008,4,48,227
Search(h_max+GUB+delta_state),True,0.3754318329738453,8.500000045083235,24,163,st-custom-base-maze-10x10-seed00009,600.0,maze,maze,base-maze-10x10-seed00009,2,107,933
Search(h_max+GUB+delta_state),True,0.08386229194002226,19.000000051490915,19,34,st-custom-base-maze-10x10-seed00010,600.0,maze,maze,base-maze-10x10-seed00010,3,35,149
Search(h_max+GUB+delta_state),True,0.024202250060625374,20.500001094368766,16,18,st-custom-base-maze-10x10-seed00011,600.0,maze,maze,base-maze-10x10-seed00011,2,26,96
Search(h_max+GUB+delta_state),True,0.0780030419700779,21.000000001856428,33,43,st-custom-base-maze-10x10-seed00012,600.0,maze,maze,base-maze-10x10-seed00012,4,54,263
Search(h_max+GUB+delta_state),True,0.12908429198432714,15.500000000935561,32,55,st-custom-base-maze-10x10-seed00013,600.0,maze,maze,base-maze-10x10-seed00013,5,53,255
Search(h_max+GUB+delta_state),True,0.07074179098708555,22.4999994477274,18,30,st-custom-base-maze-10x10-seed00014,600.0,maze,maze,base-maze-10x10-seed00014,2,50,271
Search(h_max+GUB+delta_state),True,0.12357345793861896,19.500000157805495,45,62,st-custom-base-maze-10x10-seed00015,600.0,maze,maze,base-maze-10x10-seed00015,2,46,225
Search(h_max+GUB+delta_state),True,0.1454984589945525,16.000000078737383,27,83,st-custom-base-maze-10x10-seed00016,600.0,maze,maze,base-maze-10x10-seed00016,2,51,263
Search(h_max+GUB+delta_state),True,0.03631449997192249,11.500000001236128,10,17,st-custom-base-maze-10x10-seed00017,600.0,maze,maze,base-maze-10x10-seed00017,2,84,467
Search(h_max+GUB+delta_state),True,0.3168377499678172,13.000000003869214,60,101,st-custom-base-maze-10x10-seed00018,600.0,maze,maze,base-maze-10x10-seed00018,2,68,389
Search(h_max+GUB+delta_state),True,0.2267429589992389,13.500000000099625,33,88,st-custom-base-maze-10x10-seed00019,600.0,maze,maze,base-maze-10x10-seed00019,2,70,387
Search(h_max+GUB+delta_state),True,0.8634703339776024,3.7032642269445315,124,411,st-custom-base-grid2d-s4-seed00000,600.0,grid2d,grid2d,base-grid2d-s4-seed00000,1,41,271
Search(h_max+GUB+delta_state),True,1.2800076669664122,7.609234586433571,413,422,st-custom-base-grid2d-s4-seed00001,600.0,grid2d,grid2d,base-grid2d-s4-seed00001,1,55,303
Search(h_max+GUB+delta_state),True,0.09923154197167605,3.3243088397083294,27,28,st-custom-base-grid2d-s4-seed00002,600.0,grid2d,grid2d,base-grid2d-s4-seed00002,1,42,210
Search(h_max+GUB+delta_state),True,0.0651578760589473,4.537880242467295,11,14,st-custom-base-grid2d-s4-seed00003,600.0,grid2d,grid2d,base-grid2d-s4-seed00003,1,28,151
Search(h_max+GUB+delta_state),True,0.16656666703056544,5.839365172894375,29,35,st-custom-base-grid2d-s4-seed00004,600.0,grid2d,grid2d,base-grid2d-s4-seed00004,1,33,120
Search(h_max+GUB+delta_state),True,0.19593279098626226,3.337951975907901,28,29,st-custom-base-grid2d-s4-seed00005,600.0,grid2d,grid2d,base-grid2d-s4-seed00005,1,25,138
Search(h_max+GUB+delta_state),True,0.2085440830560401,3.7473593989370597,28,35,st-custom-base-grid2d-s4-seed00006,600.0,grid2d,grid2d,base-grid2d-s4-seed00006,1,46,246
Search(h_max+GUB+delta_state),True,0.12297683401266113,2.7166942139479047,14,15,st-custom-base-grid2d-s4-seed00007,600.0,grid2d,grid2d,base-grid2d-s4-seed00007,1,46,270
Search(h_max+GUB+delta_state),True,0.3154997080564499,3.1420437753730415,90,109,st-custom-base-grid2d-s4-seed00008,600.0,grid2d,grid2d,base-grid2d-s4-seed00008,1,24,133
Search(h_max+GUB+delta_state),True,0.1210810819757171,2.9529999909713003,17,25,st-custom-base-grid2d-s4-seed00009,600.0,grid2d,grid2d,base-grid2d-s4-seed00009,1,23,158
Search(h_max+GUB+delta_state),True,0.19763541704742238,5.695095592766342,39,42,st-custom-base-grid2d-s4-seed00010,600.0,grid2d,grid2d,base-grid2d-s4-seed00010,1,36,222
Search(h_max+GUB+delta_state),True,0.1992835010169074,3.518690738195676,21,23,st-custom-base-grid2d-s4-seed00011,600.0,grid2d,grid2d,base-grid2d-s4-seed00011,1,46,308
Search(h_max+GUB+delta_state),True,0.40973020903766155,6.740987797253297,62,78,st-custom-base-grid2d-s4-seed00012,600.0,grid2d,grid2d,base-grid2d-s4-seed00012,1,44,270
Search(h_max+GUB+delta_state),True,0.11796116700861603,5.621579730343935,19,21,st-custom-base-grid2d-s4-seed00013,600.0,grid2d,grid2d,base-grid2d-s4-seed00013,1,29,145
Search(h_max+GUB+delta_state),True,0.04232583299744874,2.6604610475340893,9,9,st-custom-base-grid2d-s4-seed00014,600.0,grid2d,grid2d,base-grid2d-s4-seed00014,1,37,181
Search(h_max+GUB+delta_state),True,0.09228150005219504,2.178054957256821,13,34,st-custom-base-grid2d-s4-seed00015,600.0,grid2d,grid2d,base-grid2d-s4-seed00015,1,30,126
Search(h_max+GUB+delta_state),True,0.1146607089904137,3.787409566200208,18,23,st-custom-base-grid2d-s4-seed00016,600.0,grid2d,grid2d,base-grid2d-s4-seed00016,1,38,211
Search(h_max+GUB+delta_state),True,0.07106104207923636,4.9806893294466255,18,18,st-custom-base-grid2d-s4-seed00017,600.0,grid2d,grid2d,base-grid2d-s4-seed00017,1,24,100
Search(h_max+GUB+delta_state),True,0.4441460409434512,3.9017142625011365,98,98,st-custom-base-grid2d-s4-seed00018,600.0,grid2d,grid2d,base-grid2d-s4-seed00018,1,40,223
Search(h_max+GUB+delta_state),True,0.2538093760376796,5.531823518524492,33,44,st-custom-base-grid2d-s4-seed00019,600.0,grid2d,grid2d,base-grid2d-s4-seed00019,1,45,189
Search(h_max+GUB+delta_state),True,0.08902824902907014,6.705004730821122,13,17,st-custom-base-iris-2d-m10-seed00000,600.0,iris-2d,iris-2d,base-iris-2d-m10-seed00000,1,32,238
Search(h_max+GUB+delta_state),True,0.2061886261217296,8.559154056600853,27,97,st-custom-base-iris-2d-m10-seed00001,600.0,iris-2d,iris-2d,base-iris-2d-m10-seed00001,1,22,157
Search(h_max+GUB+delta_state),True,0.28356595803052187,7.539454316500645,58,68,st-custom-base-iris-2d-m10-seed00002,600.0,iris-2d,iris-2d,base-iris-2d-m10-seed00002,1,33,222
Search(h_max+GUB+delta_state),True,1.81889429083094,9.698796296572688,757,774,st-custom-base-iris-2d-m10-seed00004,600.0,iris-2d,iris-2d,base-iris-2d-m10-seed00004,2,25,129
Search(h_max+GUB+delta_state),True,0.07594145904295146,13.937956052905893,32,37,st-custom-base-iris-2d-m10-seed00005,600.0,iris-2d,iris-2d,base-iris-2d-m10-seed00005,2,9,34
Search(h_max+GUB+delta_state),True,0.1498927918728441,6.019620044513438,20,47,st-custom-base-iris-2d-m10-seed00006,600.0,iris-2d,iris-2d,base-iris-2d-m10-seed00006,1,34,183
Search(h_max+GUB+delta_state),True,0.03794037620536983,11.569643267528917,18,20,st-custom-base-iris-2d-m10-seed00007,600.0,iris-2d,iris-2d,base-iris-2d-m10-seed00007,0,9,30
Search(h_max+GUB+delta_state),True,0.11849279212765396,9.764346294177942,25,48,st-custom-base-iris-2d-m10-seed00008,600.0,iris-2d,iris-2d,base-iris-2d-m10-seed00008,1,25,192
Search(h_max+GUB+delta_state),True,0.15742566785775125,7.391194093358615,23,89,st-custom-base-iris-2d-m10-seed00009,600.0,iris-2d,iris-2d,base-iris-2d-m10-seed00009,1,31,200
Search(h_max+GUB+delta_state),True,0.10773591697216034,5.817321777922062,13,20,st-custom-base-iris-2d-m10-seed00011,600.0,iris-2d,iris-2d,base-iris-2d-m10-seed00011,2,23,170
Search(h_max+GUB+delta_state),True,0.1691118748858571,15.045163062148411,50,58,st-custom-base-iris-2d-m10-seed00012,600.0,iris-2d,iris-2d,base-iris-2d-m10-seed00012,2,38,180
Search(h_max+GUB+delta_state),True,0.21302870800718665,8.151108341200167,48,94,st-custom-base-iris-2d-m10-seed00013,600.0,iris-2d,iris-2d,base-iris-2d-m10-seed00013,1,28,165
Search(h_max+GUB+delta_state),True,0.12630583415739238,15.24494949436375,66,75,st-custom-base-iris-2d-m10-seed00014,600.0,iris-2d,iris-2d,base-iris-2d-m10-seed00014,2,21,89
Search(h_max+GUB+delta_state),True,0.5244680421892554,10.806343994189351,85,124,st-custom-base-iris-2d-m10-seed00015,600.0,iris-2d,iris-2d,base-iris-2d-m10-seed00015,1,31,185
Search(h_max+GUB+delta_state),True,0.18093416607007384,8.362312877711487,29,61,st-custom-base-iris-2d-m10-seed00016,600.0,iris-2d,iris-2d,base-iris-2d-m10-seed00016,2,35,202
Search(h_max+GUB+delta_state),True,0.05955191608518362,11.443326625252386,22,28,st-custom-base-iris-2d-m10-seed00019,600.0,iris-2d,iris-2d,base-iris-2d-m10-seed00019,0,10,36
Search(h_max+GUB+delta_state),True,0.16124545806087554,18.681617790629254,97,98,st-custom-base-iris-2d-m10-seed00020,600.0,iris-2d,iris-2d,base-iris-2d-m10-seed00020,2,27,102
Search(h_max+GUB+delta_state),True,0.2509104579221457,8.239886082345969,48,51,st-custom-base-iris-2d-m10-seed00021,600.0,iris-2d,iris-2d,base-iris-2d-m10-seed00021,2,30,136
Search(h_max+GUB+delta_state),True,0.09148116689175367,5.999999999680937,10,26,st-custom-base-iris-2d-m10-seed00022,600.0,iris-2d,iris-2d,base-iris-2d-m10-seed00022,2,20,154
Search(h_max+GUB+delta_state),True,2.383949749870226,9.964361533855357,879,904,st-custom-base-iris-2d-m10-seed00024,600.0,iris-2d,iris-2d,base-iris-2d-m10-seed00024,1,32,185
