OMPL ST-RRT*-C(first),True,1.125068334,30.481011000782416,0,0,st-custom-base-maze-10x10-seed00000,60.0,maze,maze,base-maze-10x10-seed00000,2,21,74
OMPL ST-RRT*-C(first),True,1.238928167,22.062752216674284,0,0,st-custom-base-maze-10x10-seed00001,60.0,maze,maze,base-maze-10x10-seed00001,2,48,282
OMPL ST-RRT*-C(first),True,1.15354075,30.210384731742312,0,0,st-custom-base-maze-10x10-seed00002,60.0,maze,maze,base-maze-10x10-seed00002,2,33,154
OMPL ST-RRT*-C(first),True,3.822529375,31.63024359506586,0,0,st-custom-base-maze-10x10-seed00003,60.0,maze,maze,base-maze-10x10-seed00003,2,31,126
OMPL ST-RRT*-C(first),True,1.043177167,25.809054558965116,0,0,st-custom-base-maze-10x10-seed00004,60.0,maze,maze,base-maze-10x10-seed00004,3,22,75
OMPL ST-RRT*-C(first),True,0.911316833,27.89829081548261,0,0,st-custom-base-maze-10x10-seed00005,60.0,maze,maze,base-maze-10x10-seed00005,2,22,97
OMPL ST-RRT*-C(first),False,60.0,inf,0,0,st-custom-base-maze-10x10-seed00006,60.0,maze,maze,base-maze-10x10-seed00006,3,47,227
OMPL ST-RRT*-C(first),True,1.333180375,29.65709349606997,0,0,st-custom-base-maze-10x10-seed00007,60.0,maze,maze,base-maze-10x10-seed00007,2,30,175
OMPL ST-RRT*-C(first),True,1.542451417,30.071036348952322,0,0,st-custom-base-maze-10x10-seed00008,60.0,maze,maze,base-maze-10x10-seed00008,4,48,227
OMPL ST-RRT*-C(first),True,0.0027305,15.02854124784419,0,0,st-custom-base-maze-10x10-seed00009,60.0,maze,maze,base-maze-10x10-seed00009,2,107,933
OMPL ST-RRT*-C(first),True,0.257951459,44.28500356166221,0,0,st-custom-base-maze-10x10-seed00010,60.0,maze,maze,base-maze-10x10-seed00010,3,35,149
OMPL ST-RRT*-C(first),True,0.987912792,24.778393118984127,0,0,st-custom-base-maze-10x10-seed00011,60.0,maze,maze,base-maze-10x10-seed00011,2,26,96
OMPL ST-RRT*-C(first),True,1.790265,30.83048261718615,0,0,st-custom-base-maze-10x10-seed00012,60.0,maze,maze,base-maze-10x10-seed00012,4,54,263
OMPL ST-RRT*-C(first),False,0.30529791582375765,inf,0,0,st-custom-base-maze-10x10-seed00013,60.0,maze,maze,base-maze-10x10-seed00013,5,53,255
OMPL ST-RRT*-C(first),True,0.223355875,29.64707353721034,0,0,st-custom-base-maze-10x10-seed00014,60.0,maze,maze,base-maze-10x10-seed00014,2,50,271
OMPL ST-RRT*-C(first),True,0.249343792,62.208068840373436,0,0,st-custom-base-maze-10x10-seed00015,60.0,maze,maze,base-maze-10x10-seed00015,2,46,225
OMPL ST-RRT*-C(first),True,0.064803458,30.027799087904413,0,0,st-custom-base-maze-10x10-seed00016,60.0,maze,maze,base-maze-10x10-seed00016,2,51,263
OMPL ST-RRT*-C(first),False,60.0,inf,0,0,st-custom-base-maze-10x10-seed00017,60.0,maze,maze,base-maze-10x10-seed00017,2,84,467
OMPL ST-RRT*-C(first),True,0.061122709,22.88100565599534,0,0,st-custom-base-maze-10x10-seed00018,60.0,maze,maze,base-maze-10x10-seed00018,2,68,389
OMPL ST-RRT*-C(first),True,0.037555708,30.571278472146375,0,0,st-custom-base-maze-10x10-seed00019,60.0,maze,maze,base-maze-10x10-seed00019,2,70,387
OMPL ST-RRT*-C(first),True,0.0743425,6.401555056659812,0,0,st-custom-base-grid2d-s4-seed00000,60.0,grid2d,grid2d,base-grid2d-s4-seed00000,1,41,271
OMPL ST-RRT*-C(first),True,8.844435958,11.147596665533134,0,0,st-custom-base-grid2d-s4-seed00001,60.0,grid2d,grid2d,base-grid2d-s4-seed00001,1,55,303
OMPL ST-RRT*-C(first),True,0.239816959,4.781485881225713,0,0,st-custom-base-grid2d-s4-seed00002,60.0,grid2d,grid2d,base-grid2d-s4-seed00002,1,42,210
OMPL ST-RRT*-C(first),True,0.026662375,6.355748116674988,0,0,st-custom-base-grid2d-s4-seed00003,60.0,grid2d,grid2d,base-grid2d-s4-seed00003,1,28,151
OMPL ST-RRT*-C(first),True,1.649622583,10.851561629459466,0,0,st-custom-base-grid2d-s4-seed00004,60.0,grid2d,grid2d,base-grid2d-s4-seed00004,1,33,120
OMPL ST-RRT*-C(first),True,0.050419917,4.357460118989801,0,0,st-custom-base-grid2d-s4-seed00005,60.0,grid2d,grid2d,base-grid2d-s4-seed00005,1,25,138
OMPL ST-RRT*-C(first),True,1.345329708,7.5735001610637855,0,0,st-custom-base-grid2d-s4-seed00006,60.0,grid2d,grid2d,base-grid2d-s4-seed00006,1,46,246
OMPL ST-RRT*-C(first),True,0.078583208,3.6931740607535937,0,0,st-custom-base-grid2d-s4-seed00007,60.0,grid2d,grid2d,base-grid2d-s4-seed00007,1,46,270
OMPL ST-RRT*-C(first),True,0.000962541,3.6742030940222836,0,0,st-custom-base-grid2d-s4-seed00008,60.0,grid2d,grid2d,base-grid2d-s4-seed00008,1,24,133
OMPL ST-RRT*-C(first),True,0.000405417,4.799654083983105,0,0,st-custom-base-grid2d-s4-seed00009,60.0,grid2d,grid2d,base-grid2d-s4-seed00009,1,23,158
OMPL ST-RRT*-C(first),True,0.058329917,6.383706197277776,0,0,st-custom-base-grid2d-s4-seed00010,60.0,grid2d,grid2d,base-grid2d-s4-seed00010,1,36,222
OMPL ST-RRT*-C(first),True,0.007584209,5.11197375345165,0,0,st-custom-base-grid2d-s4-seed00011,60.0,grid2d,grid2d,base-grid2d-s4-seed00011,1,46,308
OMPL ST-RRT*-C(first),True,1.678253084,11.499485931062218,0,0,st-custom-base-grid2d-s4-seed00012,60.0,grid2d,grid2d,base-grid2d-s4-seed00012,1,44,270
OMPL ST-RRT*-C(first),True,0.262998459,7.86867283351359,0,0,st-custom-base-grid2d-s4-seed00013,60.0,grid2d,grid2d,base-grid2d-s4-seed00013,1,29,145
OMPL ST-RRT*-C(first),True,0.068508166,3.197666725124601,0,0,st-custom-base-grid2d-s4-seed00014,60.0,grid2d,grid2d,base-grid2d-s4-seed00014,1,37,181
OMPL ST-RRT*-C(first),True,0.00179775,3.3875581088293982,0,0,st-custom-base-grid2d-s4-seed00015,60.0,grid2d,grid2d,base-grid2d-s4-seed00015,1,30,126
OMPL ST-RRT*-C(first),True,0.325162875,7.0441201734931935,0,0,st-custom-base-grid2d-s4-seed00016,60.0,grid2d,grid2d,base-grid2d-s4-seed00016,1,38,211
OMPL ST-RRT*-C(first),True,0.338027166,9.536887612058147,0,0,st-custom-base-grid2d-s4-seed00017,60.0,grid2d,grid2d,base-grid2d-s4-seed00017,1,24,100
OMPL ST-RRT*-C(first),True,0.328172708,6.352882898322065,0,0,st-custom-base-grid2d-s4-seed00018,60.0,grid2d,grid2d,base-grid2d-s4-seed00018,1,40,223
OMPL ST-RRT*-C(first),True,0.463591042,9.294153047850727,0,0,st-custom-base-grid2d-s4-seed00019,60.0,grid2d,grid2d,base-grid2d-s4-seed00019,1,45,189
OMPL ST-RRT*-C(first),True,0.000318125,2.854769494484782,0,0,st-custom-base-iris-2d-m10-seed00000,60.0,iris-2d,iris-2d,base-iris-2d-m10-seed00000,1,32,238
OMPL ST-RRT*-C(first),True,0.000114875,1.5053080366402565,0,0,st-custom-base-iris-2d-m10-seed00001,60.0,iris-2d,iris-2d,base-iris-2d-m10-seed00001,1,22,157
OMPL ST-RRT*-C(first),True,0.000477708,11.368393486623564,0,0,st-custom-base-iris-2d-m10-seed00002,60.0,iris-2d,iris-2d,base-iris-2d-m10-seed00002,1,33,222
OMPL ST-RRT*-C(first),True,0.001480166,5.911237439608173,0,0,st-custom-base-iris-2d-m10-seed00004,60.0,iris-2d,iris-2d,base-iris-2d-m10-seed00004,2,25,129
OMPL ST-RRT*-C(first),True,0.00453375,16.183966846311208,0,0,st-custom-base-iris-2d-m10-seed00005,60.0,iris-2d,iris-2d,base-iris-2d-m10-seed00005,2,9,34
OMPL ST-RRT*-C(first),True,0.000436792,6.340435609743906,0,0,st-custom-base-iris-2d-m10-seed00006,60.0,iris-2d,iris-2d,base-iris-2d-m10-seed00006,1,34,183
OMPL ST-RRT*-C(first),True,8.2667e-05,11.738557951704802,0,0,st-custom-base-iris-2d-m10-seed00007,60.0,iris-2d,iris-2d,base-iris-2d-m10-seed00007,0,9,30
OMPL ST-RRT*-C(first),True,0.000183625,3.5779424738040513,0,0,st-custom-base-iris-2d-m10-seed00008,60.0,iris-2d,iris-2d,base-iris-2d-m10-seed00008,1,25,192
OMPL ST-RRT*-C(first),True,0.00045925,9.697804789154679,0,0,st-custom-base-iris-2d-m10-seed00009,60.0,iris-2d,iris-2d,base-iris-2d-m10-seed00009,1,31,200
OMPL ST-RRT*-C(first),True,0.003538792,5.675348802285401,0,0,st-custom-base-iris-2d-m10-seed00011,60.0,iris-2d,iris-2d,base-iris-2d-m10-seed00011,2,23,170
OMPL ST-RRT*-C(first),True,0.000384625,2.6789567021975365,0,0,st-custom-base-iris-2d-m10-seed00012,60.0,iris-2d,iris-2d,base-iris-2d-m10-seed00012,2,38,180
OMPL ST-RRT*-C(first),True,0.000630625,2.2603875107640357,0,0,st-custom-base-iris-2d-m10-seed00013,60.0,iris-2d,iris-2d,base-iris-2d-m10-seed00013,1,28,165
OMPL ST-RRT*-C(first),True,0.000871833,8.236543518571656,0,0,st-custom-base-iris-2d-m10-seed00014,60.0,iris-2d,iris-2d,base-iris-2d-m10-seed00014,2,21,89
OMPL ST-RRT*-C(first),True,0.000595875,16.323379937330735,0,0,st-custom-base-iris-2d-m10-seed00015,60.0,iris-2d,iris-2d,base-iris-2d-m10-seed00015,1,31,185
OMPL ST-RRT*-C(first),True,0.000768667,10.285455285583847,0,0,st-custom-base-iris-2d-m10-seed00016,60.0,iris-2d,iris-2d,base-iris-2d-m10-seed00016,2,35,202
OMPL ST-RRT*-C(first),True,2.35e-05,6.122612004280895,0,0,st-custom-base-iris-2d-m10-seed00019,60.0,iris-2d,iris-2d,base-iris-2d-m10-seed00019,0,10,36
OMPL ST-RRT*-C(first),True,0.000876375,17.55637324359434,0,0,st-custom-base-iris-2d-m10-seed00020,60.0,iris-2d,iris-2d,base-iris-2d-m10-seed00020,2,27,102
OMPL ST-RRT*-C(first),True,0.000833334,4.878739215823103,0,0,st-custom-base-iris-2d-m10-seed00021,60.0,iris-2d,iris-2d,base-iris-2d-m10-seed00021,2,30,136
OMPL ST-RRT*-C(first),True,0.000755833,8.621985090938788,0,0,st-custom-base-iris-2d-m10-seed00022,60.0,iris-2d,iris-2d,base-iris-2d-m10-seed00022,2,20,154
OMPL ST-RRT*-C(first),True,0.000815791,6.533412135508945,0,0,st-custom-base-iris-2d-m10-seed00024,60.0,iris-2d,iris-2d,base-iris-2d-m10-seed00024,1,32,185
