"Search(h_max+GUB+delta_state,eps=10)",True,0.026435874868184328,22.00000000011991,11,25,st-custom-base-maze-10x10-seed00000,60.0,maze,maze,base-maze-10x10-seed00000,2,21,74
"Search(h_max+GUB+delta_state,eps=10)",True,0.07060270779766142,17.000000000214616,18,53,st-custom-base-maze-10x10-seed00001,60.0,maze,maze,base-maze-10x10-seed00001,2,48,282
"Search(h_max+GUB+delta_state,eps=10)",True,0.02287829085253179,15.500000000167631,14,26,st-custom-base-maze-10x10-seed00002,60.0,maze,maze,base-maze-10x10-seed00002,2,33,154
"Search(h_max+GUB+delta_state,eps=10)",True,0.06693275016732514,26.00000000058462,30,47,st-custom-base-maze-10x10-seed00003,60.0,maze,maze,base-maze-10x10-seed00003,2,31,126
"Search(h_max+GUB+delta_state,eps=10)",True,0.05576683394610882,18.000000000155868,37,50,st-custom-base-maze-10x10-seed00004,60.0,maze,maze,base-maze-10x10-seed00004,3,22,75
"Search(h_max+GUB+delta_state,eps=10)",True,0.033751958049833775,22.00000421924416,13,17,st-custom-base-maze-10x10-seed00005,60.0,maze,maze,base-maze-10x10-seed00005,2,22,97
"Search(h_max+GUB+delta_state,eps=10)",True,0.2989188330247998,21.388888899669702,91,341,st-custom-base-maze-10x10-seed00006,60.0,maze,maze,base-maze-10x10-seed00006,3,47,227
"Search(h_max+GUB+delta_state,eps=10)",True,0.031961790984496474,23.000000000064663,18,28,st-custom-base-maze-10x10-seed00007,60.0,maze,maze,base-maze-10x10-seed00007,2,30,175
"Search(h_max+GUB+delta_state,eps=10)",True,0.067403833149001,19.000000015865265,21,36,st-custom-base-maze-10x10-seed00008,60.0,maze,maze,base-maze-10x10-seed00008,4,48,227
"Search(h_max+GUB+delta_state,eps=10)",True,0.3059825417585671,8.500000045083235,15,105,st-custom-base-maze-10x10-seed00009,60.0,maze,maze,base-maze-10x10-seed00009,2,107,933
"Search(h_max+GUB+delta_state,eps=10)",True,0.0795498751103878,19.000000051490915,16,32,st-custom-base-maze-10x10-seed00010,60.0,maze,maze,base-maze-10x10-seed00010,3,35,149
"Search(h_max+GUB+delta_state,eps=10)",True,0.02449949993751943,20.500000001013138,12,18,st-custom-base-maze-10x10-seed00011,60.0,maze,maze,base-maze-10x10-seed00011,2,26,96
"Search(h_max+GUB+delta_state,eps=10)",True,0.0337204581592232,22.50000000037047,17,28,st-custom-base-maze-10x10-seed00012,60.0,maze,maze,base-maze-10x10-seed00012,4,54,263
"Search(h_max+GUB+delta_state,eps=10)",True,0.10385425016283989,15.500000000935561,22,51,st-custom-base-maze-10x10-seed00013,60.0,maze,maze,base-maze-10x10-seed00013,5,53,255
"Search(h_max+GUB+delta_state,eps=10)",True,0.06537704216316342,22.4999994477274,16,39,st-custom-base-maze-10x10-seed00014,60.0,maze,maze,base-maze-10x10-seed00014,2,50,271
"Search(h_max+GUB+delta_state,eps=10)",True,0.0821902509778738,19.50000000001694,17,46,st-custom-base-maze-10x10-seed00015,60.0,maze,maze,base-maze-10x10-seed00015,2,46,225
"Search(h_max+GUB+delta_state,eps=10)",True,0.08673554100096226,17.170832270950672,15,47,st-custom-base-maze-10x10-seed00016,60.0,maze,maze,base-maze-10x10-seed00016,2,51,263
"Search(h_max+GUB+delta_state,eps=10)",True,0.036965999752283096,11.500000001236128,9,30,st-custom-base-maze-10x10-seed00017,60.0,maze,maze,base-maze-10x10-seed00017,2,84,467
"Search(h_max+GUB+delta_state,eps=10)",True,1.03517995798029,13.000000003869214,368,457,st-custom-base-maze-10x10-seed00018,60.0,maze,maze,base-maze-10x10-seed00018,2,68,389
"Search(h_max+GUB+delta_state,eps=10)",True,0.18594750110059977,13.500000000099625,18,57,st-custom-base-maze-10x10-seed00019,60.0,maze,maze,base-maze-10x10-seed00019,2,70,387
"Search(h_max+GUB+delta_state,eps=10)",True,0.18767379195196554,3.740291867739649,12,42,st-custom-base-grid2d-s4-seed00000,60.0,grid2d,grid2d,base-grid2d-s4-seed00000,1,41,271
"Search(h_max+GUB+delta_state,eps=10)",True,0.1584123329957947,7.609766514191854,16,49,st-custom-base-grid2d-s4-seed00001,60.0,grid2d,grid2d,base-grid2d-s4-seed00001,1,55,303
"Search(h_max+GUB+delta_state,eps=10)",True,0.08187504205852747,3.3243088377785392,13,41,st-custom-base-grid2d-s4-seed00002,60.0,grid2d,grid2d,base-grid2d-s4-seed00002,1,42,210
"Search(h_max+GUB+delta_state,eps=10)",True,0.0565634579397738,4.537880242467295,9,26,st-custom-base-grid2d-s4-seed00003,60.0,grid2d,grid2d,base-grid2d-s4-seed00003,1,28,151
"Search(h_max+GUB+delta_state,eps=10)",True,0.1238603328820318,5.8393651729048255,18,44,st-custom-base-grid2d-s4-seed00004,60.0,grid2d,grid2d,base-grid2d-s4-seed00004,1,33,120
"Search(h_max+GUB+delta_state,eps=10)",True,0.11309154191985726,3.337951975907901,11,40,st-custom-base-grid2d-s4-seed00005,60.0,grid2d,grid2d,base-grid2d-s4-seed00005,1,25,138
"Search(h_max+GUB+delta_state,eps=10)",True,0.2077317489311099,6.389125252651022,14,51,st-custom-base-grid2d-s4-seed00006,60.0,grid2d,grid2d,base-grid2d-s4-seed00006,1,46,246
"Search(h_max+GUB+delta_state,eps=10)",True,0.1348900841549039,2.7166942139479047,15,47,st-custom-base-grid2d-s4-seed00007,60.0,grid2d,grid2d,base-grid2d-s4-seed00007,1,46,270
"Search(h_max+GUB+delta_state,eps=10)",True,0.07250104076229036,3.1420437752137063,9,36,st-custom-base-grid2d-s4-seed00008,60.0,grid2d,grid2d,base-grid2d-s4-seed00008,1,24,133
"Search(h_max+GUB+delta_state,eps=10)",True,0.08954108296893537,2.9529999909713003,6,25,st-custom-base-grid2d-s4-seed00009,60.0,grid2d,grid2d,base-grid2d-s4-seed00009,1,23,158
"Search(h_max+GUB+delta_state,eps=10)",True,0.19362041703425348,5.69509559276104,39,86,st-custom-base-grid2d-s4-seed00010,60.0,grid2d,grid2d,base-grid2d-s4-seed00010,1,36,222
"Search(h_max+GUB+delta_state,eps=10)",True,0.13533645868301392,3.518690738195676,9,38,st-custom-base-grid2d-s4-seed00011,60.0,grid2d,grid2d,base-grid2d-s4-seed00011,1,46,308
"Search(h_max+GUB+delta_state,eps=10)",True,0.19362124986946583,6.740987797253297,15,52,st-custom-base-grid2d-s4-seed00012,60.0,grid2d,grid2d,base-grid2d-s4-seed00012,1,44,270
"Search(h_max+GUB+delta_state,eps=10)",True,0.08987279096618295,5.621579730343935,14,37,st-custom-base-grid2d-s4-seed00013,60.0,grid2d,grid2d,base-grid2d-s4-seed00013,1,29,145
"Search(h_max+GUB+delta_state,eps=10)",True,0.06233787490054965,2.6604610475340893,10,33,st-custom-base-grid2d-s4-seed00014,60.0,grid2d,grid2d,base-grid2d-s4-seed00014,1,37,181
"Search(h_max+GUB+delta_state,eps=10)",True,0.09369787503965199,2.178054957256821,13,48,st-custom-base-grid2d-s4-seed00015,60.0,grid2d,grid2d,base-grid2d-s4-seed00015,1,30,126
"Search(h_max+GUB+delta_state,eps=10)",True,0.09246925008483231,3.787409566200208,12,56,st-custom-base-grid2d-s4-seed00016,60.0,grid2d,grid2d,base-grid2d-s4-seed00016,1,38,211
"Search(h_max+GUB+delta_state,eps=10)",True,0.06546479114331305,4.9806893294466255,13,29,st-custom-base-grid2d-s4-seed00017,60.0,grid2d,grid2d,base-grid2d-s4-seed00017,1,24,100
"Search(h_max+GUB+delta_state,eps=10)",True,0.10773279098793864,3.90171415012952,11,46,st-custom-base-grid2d-s4-seed00018,60.0,grid2d,grid2d,base-grid2d-s4-seed00018,1,40,223
"Search(h_max+GUB+delta_state,eps=10)",True,0.2004036670550704,5.531823518906792,19,63,st-custom-base-grid2d-s4-seed00019,60.0,grid2d,grid2d,base-grid2d-s4-seed00019,1,45,189
