"Search(Max+GUB,eps=1.25)",True,0.02990083396434784,21.000000206124135,13,18,st-custom-base-maze-10x10-seed00000,600.0,maze,maze,base-maze-10x10-seed00000,2,21,74
"Search(Max+GUB,eps=1.25)",True,0.14181650057435036,17.000000000145192,26,57,st-custom-base-maze-10x10-seed00001,600.0,maze,maze,base-maze-10x10-seed00001,2,48,282
"Search(Max+GUB,eps=1.25)",True,0.03620566613972187,15.500000000166112,18,39,st-custom-base-maze-10x10-seed00002,600.0,maze,maze,base-maze-10x10-seed00002,2,33,154
"Search(Max+GUB,eps=1.25)",True,1.012463583610952,26.000000000604942,880,1091,st-custom-base-maze-10x10-seed00003,600.0,maze,maze,base-maze-10x10-seed00003,2,31,126
"Search(Max+GUB,eps=1.25)",True,0.11050804145634174,18.000000000155726,51,91,st-custom-base-maze-10x10-seed00004,600.0,maze,maze,base-maze-10x10-seed00004,3,22,75
"Search(Max+GUB,eps=1.25)",True,0.03809395805001259,22.000004219241713,15,19,st-custom-base-maze-10x10-seed00005,600.0,maze,maze,base-maze-10x10-seed00005,2,22,97
"Search(Max+GUB,eps=1.25)",True,0.43195149954408407,21.3888888996658,104,516,st-custom-base-maze-10x10-seed00006,600.0,maze,maze,base-maze-10x10-seed00006,3,47,227
"Search(Max+GUB,eps=1.25)",True,0.03606695868074894,23.000000000217014,22,36,st-custom-base-maze-10x10-seed00007,600.0,maze,maze,base-maze-10x10-seed00007,2,30,175
"Search(Max+GUB,eps=1.25)",True,0.2080477923154831,19.00000000004667,104,150,st-custom-base-maze-10x10-seed00008,600.0,maze,maze,base-maze-10x10-seed00008,4,48,227
"Search(Max+GUB,eps=1.25)",True,0.3990671670762822,8.500000000001883,27,206,st-custom-base-maze-10x10-seed00009,600.0,maze,maze,base-maze-10x10-seed00009,2,107,933
"Search(Max+GUB,eps=1.25)",True,0.0836822499986738,19.00000005149219,18,38,st-custom-base-maze-10x10-seed00010,600.0,maze,maze,base-maze-10x10-seed00010,3,35,149
"Search(Max+GUB,eps=1.25)",True,0.03619270899798721,20.500000001008853,38,55,st-custom-base-maze-10x10-seed00011,600.0,maze,maze,base-maze-10x10-seed00011,2,26,96
"Search(Max+GUB,eps=1.25)",True,0.034811792080290616,22.500000000361897,19,30,st-custom-base-maze-10x10-seed00012,600.0,maze,maze,base-maze-10x10-seed00012,4,54,263
"Search(Max+GUB,eps=1.25)",True,0.9177249158965424,15.500000016574008,290,1116,st-custom-base-maze-10x10-seed00013,600.0,maze,maze,base-maze-10x10-seed00013,5,53,255
"Search(Max+GUB,eps=1.25)",True,0.0720679999794811,22.499999447731962,17,41,st-custom-base-maze-10x10-seed00014,600.0,maze,maze,base-maze-10x10-seed00014,2,50,271
"Search(Max+GUB,eps=1.25)",True,0.09830654098186642,19.500000000630305,26,51,st-custom-base-maze-10x10-seed00015,600.0,maze,maze,base-maze-10x10-seed00015,2,46,225
"Search(Max+GUB,eps=1.25)",True,0.21253104193601757,16.000000078730242,35,193,st-custom-base-maze-10x10-seed00016,600.0,maze,maze,base-maze-10x10-seed00016,2,51,263
"Search(Max+GUB,eps=1.25)",True,0.03893691604025662,11.500000001232952,9,22,st-custom-base-maze-10x10-seed00017,600.0,maze,maze,base-maze-10x10-seed00017,2,84,467
"Search(Max+GUB,eps=1.25)",True,1.4234497918514535,13.000000331240111,282,1379,st-custom-base-maze-10x10-seed00018,600.0,maze,maze,base-maze-10x10-seed00018,2,68,389
"Search(Max+GUB,eps=1.25)",True,0.39139962394256145,13.500000000002558,73,287,st-custom-base-maze-10x10-seed00019,600.0,maze,maze,base-maze-10x10-seed00019,2,70,387
"Search(Max+GUB,eps=1.25)",True,0.24509341706288978,3.6422289522584355,28,112,st-custom-base-grid2d-s4-seed00000,600.0,grid2d,grid2d,base-grid2d-s4-seed00000,1,41,271
"Search(Max+GUB,eps=1.25)",True,0.1522532079834491,7.609766514191854,17,50,st-custom-base-grid2d-s4-seed00001,600.0,grid2d,grid2d,base-grid2d-s4-seed00001,1,55,303
"Search(Max+GUB,eps=1.25)",True,0.15797391592059284,3.324308839798504,44,77,st-custom-base-grid2d-s4-seed00002,600.0,grid2d,grid2d,base-grid2d-s4-seed00002,1,42,210
"Search(Max+GUB,eps=1.25)",True,0.05780808406416327,4.537880242467295,9,17,st-custom-base-grid2d-s4-seed00003,600.0,grid2d,grid2d,base-grid2d-s4-seed00003,1,28,151
"Search(Max+GUB,eps=1.25)",True,0.20585733209736645,5.8393651728943805,44,65,st-custom-base-grid2d-s4-seed00004,600.0,grid2d,grid2d,base-grid2d-s4-seed00004,1,33,120
"Search(Max+GUB,eps=1.25)",True,0.10924029198940843,3.337951975905582,13,25,st-custom-base-grid2d-s4-seed00005,600.0,grid2d,grid2d,base-grid2d-s4-seed00005,1,25,138
"Search(Max+GUB,eps=1.25)",True,0.2599002078641206,3.823231228015054,41,104,st-custom-base-grid2d-s4-seed00006,600.0,grid2d,grid2d,base-grid2d-s4-seed00006,1,46,246
"Search(Max+GUB,eps=1.25)",True,0.5019866250222549,2.7166942139479047,100,136,st-custom-base-grid2d-s4-seed00007,600.0,grid2d,grid2d,base-grid2d-s4-seed00007,1,46,270
"Search(Max+GUB,eps=1.25)",True,0.7346809580922127,3.1420437753622874,236,329,st-custom-base-grid2d-s4-seed00008,600.0,grid2d,grid2d,base-grid2d-s4-seed00008,1,24,133
"Search(Max+GUB,eps=1.25)",True,0.09926491603255272,2.9529999909713003,8,17,st-custom-base-grid2d-s4-seed00009,600.0,grid2d,grid2d,base-grid2d-s4-seed00009,1,23,158
"Search(Max+GUB,eps=1.25)",True,0.19125383405480534,5.695095592769281,32,72,st-custom-base-grid2d-s4-seed00010,600.0,grid2d,grid2d,base-grid2d-s4-seed00010,1,36,222
"Search(Max+GUB,eps=1.25)",True,0.3208520000334829,3.518690737687427,31,90,st-custom-base-grid2d-s4-seed00011,600.0,grid2d,grid2d,base-grid2d-s4-seed00011,1,46,308
"Search(Max+GUB,eps=1.25)",True,2.9662972920341417,6.740987797253297,512,1266,st-custom-base-grid2d-s4-seed00012,600.0,grid2d,grid2d,base-grid2d-s4-seed00012,1,44,270
"Search(Max+GUB,eps=1.25)",True,0.0923629580065608,5.621579730350574,14,21,st-custom-base-grid2d-s4-seed00013,600.0,grid2d,grid2d,base-grid2d-s4-seed00013,1,29,145
"Search(Max+GUB,eps=1.25)",True,0.043253500130958855,2.6604610475340893,8,13,st-custom-base-grid2d-s4-seed00014,600.0,grid2d,grid2d,base-grid2d-s4-seed00014,1,37,181
"Search(Max+GUB,eps=1.25)",True,0.09554620808921754,2.1780549571803083,13,36,st-custom-base-grid2d-s4-seed00015,600.0,grid2d,grid2d,base-grid2d-s4-seed00015,1,30,126
"Search(Max+GUB,eps=1.25)",True,0.09738733409903944,3.78740956495475,13,28,st-custom-base-grid2d-s4-seed00016,600.0,grid2d,grid2d,base-grid2d-s4-seed00016,1,38,211
"Search(Max+GUB,eps=1.25)",True,0.06959316693246365,4.9806893294466255,14,29,st-custom-base-grid2d-s4-seed00017,600.0,grid2d,grid2d,base-grid2d-s4-seed00017,1,24,100
"Search(Max+GUB,eps=1.25)",True,0.16357895906548947,3.9017141501287798,25,50,st-custom-base-grid2d-s4-seed00018,600.0,grid2d,grid2d,base-grid2d-s4-seed00018,1,40,223
"Search(Max+GUB,eps=1.25)",True,0.3450383759336546,5.531823518909107,38,86,st-custom-base-grid2d-s4-seed00019,600.0,grid2d,grid2d,base-grid2d-s4-seed00019,1,45,189
"Search(Max+GUB,eps=1.25)",True,0.20375950005836785,6.705004730821122,27,38,st-custom-base-iris-2d-m10-seed00000,600.0,iris-2d,iris-2d,base-iris-2d-m10-seed00000,1,32,238
"Search(Max+GUB,eps=1.25)",True,0.13740504090674222,8.559154056600853,13,68,st-custom-base-iris-2d-m10-seed00001,600.0,iris-2d,iris-2d,base-iris-2d-m10-seed00001,1,22,157
"Search(Max+GUB,eps=1.25)",True,0.7596012919675559,7.539454360196319,128,397,st-custom-base-iris-2d-m10-seed00002,600.0,iris-2d,iris-2d,base-iris-2d-m10-seed00002,1,33,222
"Search(Max+GUB,eps=1.25)",True,38.96761933295056,9.698796718261127,22332,29747,st-custom-base-iris-2d-m10-seed00004,600.0,iris-2d,iris-2d,base-iris-2d-m10-seed00004,2,25,129
"Search(Max+GUB,eps=1.25)",True,0.07609658315777779,13.937956054431673,28,58,st-custom-base-iris-2d-m10-seed00005,600.0,iris-2d,iris-2d,base-iris-2d-m10-seed00005,2,9,34
"Search(Max+GUB,eps=1.25)",True,0.13476466620340943,6.019620015288533,15,51,st-custom-base-iris-2d-m10-seed00006,600.0,iris-2d,iris-2d,base-iris-2d-m10-seed00006,1,34,183
"Search(Max+GUB,eps=1.25)",True,0.05154966679401696,11.56964338400412,12,21,st-custom-base-iris-2d-m10-seed00007,600.0,iris-2d,iris-2d,base-iris-2d-m10-seed00007,0,9,30
"Search(Max+GUB,eps=1.25)",True,0.09091208409518003,9.764347360715366,17,44,st-custom-base-iris-2d-m10-seed00008,600.0,iris-2d,iris-2d,base-iris-2d-m10-seed00008,1,25,192
"Search(Max+GUB,eps=1.25)",True,0.1915428328793496,7.391194093358615,31,136,st-custom-base-iris-2d-m10-seed00009,600.0,iris-2d,iris-2d,base-iris-2d-m10-seed00009,1,31,200
"Search(Max+GUB,eps=1.25)",True,0.09583958284929395,5.817321747079261,10,27,st-custom-base-iris-2d-m10-seed00011,600.0,iris-2d,iris-2d,base-iris-2d-m10-seed00011,2,23,170
"Search(Max+GUB,eps=1.25)",True,0.27824312495067716,15.394699212435997,119,237,st-custom-base-iris-2d-m10-seed00012,600.0,iris-2d,iris-2d,base-iris-2d-m10-seed00012,2,38,180
"Search(Max+GUB,eps=1.25)",True,0.31110424897633493,8.151108223047842,73,198,st-custom-base-iris-2d-m10-seed00013,600.0,iris-2d,iris-2d,base-iris-2d-m10-seed00013,1,28,165
"Search(Max+GUB,eps=1.25)",True,0.20559279108420014,14.543758067308767,96,190,st-custom-base-iris-2d-m10-seed00014,600.0,iris-2d,iris-2d,base-iris-2d-m10-seed00014,2,21,89
"Search(Max+GUB,eps=1.25)",True,0.39582924894057214,10.80634399434913,45,156,st-custom-base-iris-2d-m10-seed00015,600.0,iris-2d,iris-2d,base-iris-2d-m10-seed00015,1,31,185
"Search(Max+GUB,eps=1.25)",True,0.23406562395393848,8.362312877711487,31,112,st-custom-base-iris-2d-m10-seed00016,600.0,iris-2d,iris-2d,base-iris-2d-m10-seed00016,2,35,202
"Search(Max+GUB,eps=1.25)",True,0.1323215418960899,11.443326648019541,61,112,st-custom-base-iris-2d-m10-seed00019,600.0,iris-2d,iris-2d,base-iris-2d-m10-seed00019,0,10,36
"Search(Max+GUB,eps=1.25)",True,0.558457498671487,18.68161778892862,423,615,st-custom-base-iris-2d-m10-seed00020,600.0,iris-2d,iris-2d,base-iris-2d-m10-seed00020,2,27,102
"Search(Max+GUB,eps=1.25)",True,1.9764168751426041,8.239886082345969,590,2037,st-custom-base-iris-2d-m10-seed00021,600.0,iris-2d,iris-2d,base-iris-2d-m10-seed00021,2,30,136
"Search(Max+GUB,eps=1.25)",True,0.07453029183670878,6.000000006113721,7,24,st-custom-base-iris-2d-m10-seed00022,600.0,iris-2d,iris-2d,base-iris-2d-m10-seed00022,2,20,154
"Search(Max+GUB,eps=1.25)",True,4.350276082986966,9.96436153423221,1683,3386,st-custom-base-iris-2d-m10-seed00024,600.0,iris-2d,iris-2d,base-iris-2d-m10-seed00024,1,32,185
