"Search(h_mot+GUB,eps=2.5)",True,0.22426441498100758,21.000000206124135,191,252,st-custom-base-maze-10x10-seed00000,600.0,maze,maze,base-maze-10x10-seed00000,2,21,74
"Search(h_mot+GUB,eps=2.5)",True,135.85048904176801,17.000000000113108,79213,113112,st-custom-base-maze-10x10-seed00001,600.0,maze,maze,base-maze-10x10-seed00001,2,48,282
"Search(h_mot+GUB,eps=2.5)",True,0.16984587535262108,15.500000001838103,146,255,st-custom-base-maze-10x10-seed00002,600.0,maze,maze,base-maze-10x10-seed00002,2,33,154
"Search(h_mot+GUB,eps=2.5)",True,1.0073638325557113,26.000000000604942,962,1105,st-custom-base-maze-10x10-seed00003,600.0,maze,maze,base-maze-10x10-seed00003,2,31,126
"Search(h_mot+GUB,eps=2.5)",True,0.2017714586108923,18.0000002670373,188,227,st-custom-base-maze-10x10-seed00004,600.0,maze,maze,base-maze-10x10-seed00004,3,22,75
"Search(h_mot+GUB,eps=2.5)",True,0.08419858291745186,19.12500016052394,71,104,st-custom-base-maze-10x10-seed00005,600.0,maze,maze,base-maze-10x10-seed00005,2,22,97
"Search(h_mot+GUB,eps=2.5)",True,491.5672913752496,21.38889059490811,120132,132675,st-custom-base-maze-10x10-seed00006,600.0,maze,maze,base-maze-10x10-seed00006,3,47,227
"Search(h_mot+GUB,eps=2.5)",True,0.23951371014118195,23.00000000826928,183,224,st-custom-base-maze-10x10-seed00007,600.0,maze,maze,base-maze-10x10-seed00007,2,30,175
"Search(h_mot+GUB,eps=2.5)",True,0.08159329183399677,19.00000000004244,32,51,st-custom-base-maze-10x10-seed00008,600.0,maze,maze,base-maze-10x10-seed00008,4,48,227
"Search(h_mot+GUB,eps=2.5)",True,1.253085458651185,8.687123388864235,95,1166,st-custom-base-maze-10x10-seed00009,600.0,maze,maze,base-maze-10x10-seed00009,2,107,933
"Search(h_mot+GUB,eps=2.5)",True,0.10688662505708635,19.00000005149219,53,81,st-custom-base-maze-10x10-seed00010,600.0,maze,maze,base-maze-10x10-seed00010,3,35,149
"Search(h_mot+GUB,eps=2.5)",True,0.02371791598852724,20.500000001008853,23,39,st-custom-base-maze-10x10-seed00011,600.0,maze,maze,base-maze-10x10-seed00011,2,26,96
"Search(h_mot+GUB,eps=2.5)",True,0.12811258400324732,21.00000000185985,105,130,st-custom-base-maze-10x10-seed00012,600.0,maze,maze,base-maze-10x10-seed00012,4,54,263
"Search(h_mot+GUB,eps=2.5)",True,6.5762141240993515,15.500000016574008,3570,7609,st-custom-base-maze-10x10-seed00013,600.0,maze,maze,base-maze-10x10-seed00013,5,53,255
"Search(h_mot+GUB,eps=2.5)",True,2.312607540981844,22.49999900103871,1738,2934,st-custom-base-maze-10x10-seed00014,600.0,maze,maze,base-maze-10x10-seed00014,2,50,271
"Search(h_mot+GUB,eps=2.5)",True,1.0330520420102403,19.500000004400977,520,1408,st-custom-base-maze-10x10-seed00015,600.0,maze,maze,base-maze-10x10-seed00015,2,46,225
"Search(h_mot+GUB,eps=2.5)",False,600.1109344590222,inf,274795,662439,st-custom-base-maze-10x10-seed00016,600.0,maze,maze,base-maze-10x10-seed00016,2,51,263
"Search(h_mot+GUB,eps=2.5)",True,6.753106709104031,11.500000001232952,2370,6873,st-custom-base-maze-10x10-seed00017,600.0,maze,maze,base-maze-10x10-seed00017,2,84,467
"Search(h_mot+GUB,eps=2.5)",True,2.4180842090863734,13.000000331240111,742,2562,st-custom-base-maze-10x10-seed00018,600.0,maze,maze,base-maze-10x10-seed00018,2,68,389
"Search(h_mot+GUB,eps=2.5)",True,436.85595162492245,13.500000000002558,122822,419027,st-custom-base-maze-10x10-seed00019,600.0,maze,maze,base-maze-10x10-seed00019,2,70,387
"Search(h_mot+GUB,eps=2.5)",True,0.19230108399642631,3.6422289522584355,11,38,st-custom-base-grid2d-s4-seed00000,600.0,grid2d,grid2d,base-grid2d-s4-seed00000,1,41,271
"Search(h_mot+GUB,eps=2.5)",True,13.651914415997453,7.577597025680314,8448,9357,st-custom-base-grid2d-s4-seed00001,600.0,grid2d,grid2d,base-grid2d-s4-seed00001,1,55,303
"Search(h_mot+GUB,eps=2.5)",True,0.10770833387505263,3.324308839798504,35,61,st-custom-base-grid2d-s4-seed00002,600.0,grid2d,grid2d,base-grid2d-s4-seed00002,1,42,210
"Search(h_mot+GUB,eps=2.5)",True,0.07748320791870356,4.537880242467295,8,31,st-custom-base-grid2d-s4-seed00003,600.0,grid2d,grid2d,base-grid2d-s4-seed00003,1,28,151
"Search(h_mot+GUB,eps=2.5)",True,0.17389591701794416,5.83936517290365,40,87,st-custom-base-grid2d-s4-seed00004,600.0,grid2d,grid2d,base-grid2d-s4-seed00004,1,33,120
"Search(h_mot+GUB,eps=2.5)",True,0.08999079198110849,3.337951975905582,12,47,st-custom-base-grid2d-s4-seed00005,600.0,grid2d,grid2d,base-grid2d-s4-seed00005,1,25,138
"Search(h_mot+GUB,eps=2.5)",True,0.8044116669334471,3.897440324218277,166,497,st-custom-base-grid2d-s4-seed00006,600.0,grid2d,grid2d,base-grid2d-s4-seed00006,1,46,246
"Search(h_mot+GUB,eps=2.5)",True,0.48606462497264147,2.7166942139479047,127,262,st-custom-base-grid2d-s4-seed00007,600.0,grid2d,grid2d,base-grid2d-s4-seed00007,1,46,270
"Search(h_mot+GUB,eps=2.5)",True,0.1327743340516463,3.142043775314001,28,51,st-custom-base-grid2d-s4-seed00008,600.0,grid2d,grid2d,base-grid2d-s4-seed00008,1,24,133
"Search(h_mot+GUB,eps=2.5)",True,0.05374954198487103,2.9529999909713003,6,22,st-custom-base-grid2d-s4-seed00009,600.0,grid2d,grid2d,base-grid2d-s4-seed00009,1,23,158
"Search(h_mot+GUB,eps=2.5)",True,1.032088166102767,5.695095592769281,359,1279,st-custom-base-grid2d-s4-seed00010,600.0,grid2d,grid2d,base-grid2d-s4-seed00010,1,36,222
"Search(h_mot+GUB,eps=2.5)",True,0.160446624038741,3.518690738175113,10,37,st-custom-base-grid2d-s4-seed00011,600.0,grid2d,grid2d,base-grid2d-s4-seed00011,1,46,308
"Search(h_mot+GUB,eps=2.5)",False,600.2186469999142,inf,106666,280191,st-custom-base-grid2d-s4-seed00012,600.0,grid2d,grid2d,base-grid2d-s4-seed00012,1,44,270
"Search(h_mot+GUB,eps=2.5)",True,0.4072614578763023,5.621579730350574,76,249,st-custom-base-grid2d-s4-seed00013,600.0,grid2d,grid2d,base-grid2d-s4-seed00013,1,29,145
"Search(h_mot+GUB,eps=2.5)",True,0.4053815419320017,2.6604610475340893,86,132,st-custom-base-grid2d-s4-seed00014,600.0,grid2d,grid2d,base-grid2d-s4-seed00014,1,37,181
"Search(h_mot+GUB,eps=2.5)",True,0.08203004102688283,2.1780549571803083,13,50,st-custom-base-grid2d-s4-seed00015,600.0,grid2d,grid2d,base-grid2d-s4-seed00015,1,30,126
"Search(h_mot+GUB,eps=2.5)",True,0.08118850004393607,3.78740956495475,12,39,st-custom-base-grid2d-s4-seed00016,600.0,grid2d,grid2d,base-grid2d-s4-seed00016,1,38,211
"Search(h_mot+GUB,eps=2.5)",True,0.3319072499871254,4.9806893294466255,126,289,st-custom-base-grid2d-s4-seed00017,600.0,grid2d,grid2d,base-grid2d-s4-seed00017,1,24,100
"Search(h_mot+GUB,eps=2.5)",True,0.12174491805490106,3.9017142625011534,23,63,st-custom-base-grid2d-s4-seed00018,600.0,grid2d,grid2d,base-grid2d-s4-seed00018,1,40,223
"Search(h_mot+GUB,eps=2.5)",True,0.9824436260387301,5.531823518261686,373,774,st-custom-base-grid2d-s4-seed00019,600.0,grid2d,grid2d,base-grid2d-s4-seed00019,1,45,189
"Search(h_mot+GUB,eps=2.5)",True,0.08307229191996157,6.705004730821122,21,85,st-custom-base-iris-2d-m10-seed00000,600.0,iris-2d,iris-2d,base-iris-2d-m10-seed00000,1,32,238
"Search(h_mot+GUB,eps=2.5)",True,1.899953167885542,8.559154056600853,339,1688,st-custom-base-iris-2d-m10-seed00001,600.0,iris-2d,iris-2d,base-iris-2d-m10-seed00001,1,22,157
"Search(h_mot+GUB,eps=2.5)",True,0.12692912481725216,7.539454610748622,12,62,st-custom-base-iris-2d-m10-seed00002,600.0,iris-2d,iris-2d,base-iris-2d-m10-seed00002,1,33,222
"Search(h_mot+GUB,eps=2.5)",True,38.638386541977525,9.698796718261127,24009,36228,st-custom-base-iris-2d-m10-seed00004,600.0,iris-2d,iris-2d,base-iris-2d-m10-seed00004,2,25,129
"Search(h_mot+GUB,eps=2.5)",True,0.05022195796482265,13.937956054431673,24,46,st-custom-base-iris-2d-m10-seed00005,600.0,iris-2d,iris-2d,base-iris-2d-m10-seed00005,2,9,34
"Search(h_mot+GUB,eps=2.5)",True,0.10449904226697981,6.196568059018765,13,49,st-custom-base-iris-2d-m10-seed00006,600.0,iris-2d,iris-2d,base-iris-2d-m10-seed00006,1,34,183
"Search(h_mot+GUB,eps=2.5)",True,0.028952001128345728,11.56964338400412,12,22,st-custom-base-iris-2d-m10-seed00007,600.0,iris-2d,iris-2d,base-iris-2d-m10-seed00007,0,9,30
"Search(h_mot+GUB,eps=2.5)",True,0.06317083304747939,9.764347360715366,19,42,st-custom-base-iris-2d-m10-seed00008,600.0,iris-2d,iris-2d,base-iris-2d-m10-seed00008,1,25,192
"Search(h_mot+GUB,eps=2.5)",True,0.13735274993814528,7.391194093021477,21,81,st-custom-base-iris-2d-m10-seed00009,600.0,iris-2d,iris-2d,base-iris-2d-m10-seed00009,1,31,200
"Search(h_mot+GUB,eps=2.5)",True,0.0673268751706928,5.817321747079261,7,30,st-custom-base-iris-2d-m10-seed00011,600.0,iris-2d,iris-2d,base-iris-2d-m10-seed00011,2,23,170
"Search(h_mot+GUB,eps=2.5)",True,0.5530375000089407,15.39469921250701,469,601,st-custom-base-iris-2d-m10-seed00012,600.0,iris-2d,iris-2d,base-iris-2d-m10-seed00012,2,38,180
"Search(h_mot+GUB,eps=2.5)",True,0.2468626240734011,8.151108341200167,121,277,st-custom-base-iris-2d-m10-seed00013,600.0,iris-2d,iris-2d,base-iris-2d-m10-seed00013,1,28,165
"Search(h_mot+GUB,eps=2.5)",True,0.4140996241476387,14.543758067308767,149,283,st-custom-base-iris-2d-m10-seed00014,600.0,iris-2d,iris-2d,base-iris-2d-m10-seed00014,2,21,89
"Search(h_mot+GUB,eps=2.5)",True,2.38929520919919,10.80634399434913,745,1167,st-custom-base-iris-2d-m10-seed00015,600.0,iris-2d,iris-2d,base-iris-2d-m10-seed00015,1,31,185
"Search(h_mot+GUB,eps=2.5)",True,0.1232214579358697,8.362312877711487,20,72,st-custom-base-iris-2d-m10-seed00016,600.0,iris-2d,iris-2d,base-iris-2d-m10-seed00016,2,35,202
"Search(h_mot+GUB,eps=2.5)",True,0.04985541617497802,11.443326679401917,24,40,st-custom-base-iris-2d-m10-seed00019,600.0,iris-2d,iris-2d,base-iris-2d-m10-seed00019,0,10,36
"Search(h_mot+GUB,eps=2.5)",True,0.7921222089789808,18.68161778892862,762,840,st-custom-base-iris-2d-m10-seed00020,600.0,iris-2d,iris-2d,base-iris-2d-m10-seed00020,2,27,102
"Search(h_mot+GUB,eps=2.5)",True,4.051568709081039,8.239886082345969,1739,4281,st-custom-base-iris-2d-m10-seed00021,600.0,iris-2d,iris-2d,base-iris-2d-m10-seed00021,2,30,136
"Search(h_mot+GUB,eps=2.5)",True,0.049094376154243946,6.000000006113721,6,35,st-custom-base-iris-2d-m10-seed00022,600.0,iris-2d,iris-2d,base-iris-2d-m10-seed00022,2,20,154
"Search(h_mot+GUB,eps=2.5)",True,3.7804607921279967,9.96436153423221,1483,3522,st-custom-base-iris-2d-m10-seed00024,600.0,iris-2d,iris-2d,base-iris-2d-m10-seed00024,1,32,185
