"Search(h_tab+GUB,eps=2.5)",True,0.022030207328498363,22.00000000010737,12,27,st-custom-base-maze-10x10-seed00000,600.0,maze,maze,base-maze-10x10-seed00000,2,21,74
"Search(h_tab+GUB,eps=2.5)",True,0.10181283298879862,17.000000000145192,26,80,st-custom-base-maze-10x10-seed00001,600.0,maze,maze,base-maze-10x10-seed00001,2,48,282
"Search(h_tab+GUB,eps=2.5)",True,0.030779624357819557,15.500000000166112,18,39,st-custom-base-maze-10x10-seed00002,600.0,maze,maze,base-maze-10x10-seed00002,2,33,154
"Search(h_tab+GUB,eps=2.5)",True,0.043047625571489334,26.00000000014581,19,43,st-custom-base-maze-10x10-seed00003,600.0,maze,maze,base-maze-10x10-seed00003,2,31,126
"Search(h_tab+GUB,eps=2.5)",True,0.09296633303165436,18.000000000155726,51,91,st-custom-base-maze-10x10-seed00004,600.0,maze,maze,base-maze-10x10-seed00004,3,22,75
"Search(h_tab+GUB,eps=2.5)",True,0.03320325072854757,22.000004219241713,14,21,st-custom-base-maze-10x10-seed00005,600.0,maze,maze,base-maze-10x10-seed00005,2,22,97
"Search(h_tab+GUB,eps=2.5)",True,0.4315844587981701,21.388890856388844,105,518,st-custom-base-maze-10x10-seed00006,600.0,maze,maze,base-maze-10x10-seed00006,3,47,227
"Search(h_tab+GUB,eps=2.5)",True,0.04486850090324879,23.00000000048062,43,67,st-custom-base-maze-10x10-seed00007,600.0,maze,maze,base-maze-10x10-seed00007,2,30,175
"Search(h_tab+GUB,eps=2.5)",True,0.0651544164866209,19.000000015868252,21,32,st-custom-base-maze-10x10-seed00008,600.0,maze,maze,base-maze-10x10-seed00008,4,48,227
"Search(h_tab+GUB,eps=2.5)",True,0.45802004204597324,8.500000000001883,36,301,st-custom-base-maze-10x10-seed00009,600.0,maze,maze,base-maze-10x10-seed00009,2,107,933
"Search(h_tab+GUB,eps=2.5)",True,0.07088791590649635,19.00000005149219,20,38,st-custom-base-maze-10x10-seed00010,600.0,maze,maze,base-maze-10x10-seed00010,3,35,149
"Search(h_tab+GUB,eps=2.5)",True,0.027430499088950455,20.5000000000495,25,41,st-custom-base-maze-10x10-seed00011,600.0,maze,maze,base-maze-10x10-seed00011,2,26,96
"Search(h_tab+GUB,eps=2.5)",True,0.023198082926683128,22.500000000361897,19,30,st-custom-base-maze-10x10-seed00012,600.0,maze,maze,base-maze-10x10-seed00012,4,54,263
"Search(h_tab+GUB,eps=2.5)",True,0.0888319161022082,15.500002753779006,23,62,st-custom-base-maze-10x10-seed00013,600.0,maze,maze,base-maze-10x10-seed00013,5,53,255
"Search(h_tab+GUB,eps=2.5)",True,0.05437883408740163,22.499999447731962,17,45,st-custom-base-maze-10x10-seed00014,600.0,maze,maze,base-maze-10x10-seed00014,2,50,271
"Search(h_tab+GUB,eps=2.5)",True,0.09110483399126679,19.500000000630305,26,55,st-custom-base-maze-10x10-seed00015,600.0,maze,maze,base-maze-10x10-seed00015,2,46,225
"Search(h_tab+GUB,eps=2.5)",True,0.0815330829937011,16.937279212631807,17,79,st-custom-base-maze-10x10-seed00016,600.0,maze,maze,base-maze-10x10-seed00016,2,51,263
"Search(h_tab+GUB,eps=2.5)",True,0.024483790970407426,11.500000001232952,9,31,st-custom-base-maze-10x10-seed00017,600.0,maze,maze,base-maze-10x10-seed00017,2,84,467
"Search(h_tab+GUB,eps=2.5)",True,0.5096294158138335,13.000000005314204,101,546,st-custom-base-maze-10x10-seed00018,600.0,maze,maze,base-maze-10x10-seed00018,2,68,389
"Search(h_tab+GUB,eps=2.5)",True,0.15267437498550862,13.500000000002558,17,57,st-custom-base-maze-10x10-seed00019,600.0,maze,maze,base-maze-10x10-seed00019,2,70,387
"Search(h_tab+GUB,eps=2.5)",True,0.14849799999501556,3.740291867739649,17,63,st-custom-base-grid2d-s4-seed00000,600.0,grid2d,grid2d,base-grid2d-s4-seed00000,1,41,271
"Search(h_tab+GUB,eps=2.5)",True,0.09872087492840365,7.609766514191854,17,52,st-custom-base-grid2d-s4-seed00001,600.0,grid2d,grid2d,base-grid2d-s4-seed00001,1,55,303
"Search(h_tab+GUB,eps=2.5)",True,0.05464462412055582,3.324308837760753,15,30,st-custom-base-grid2d-s4-seed00002,600.0,grid2d,grid2d,base-grid2d-s4-seed00002,1,42,210
"Search(h_tab+GUB,eps=2.5)",True,0.030910917092114687,4.537880242467295,9,32,st-custom-base-grid2d-s4-seed00003,600.0,grid2d,grid2d,base-grid2d-s4-seed00003,1,28,151
"Search(h_tab+GUB,eps=2.5)",True,0.10530895902775228,5.8393651728943805,21,46,st-custom-base-grid2d-s4-seed00004,600.0,grid2d,grid2d,base-grid2d-s4-seed00004,1,33,120
"Search(h_tab+GUB,eps=2.5)",True,0.06317675102036446,3.337951975905582,10,35,st-custom-base-grid2d-s4-seed00005,600.0,grid2d,grid2d,base-grid2d-s4-seed00005,1,25,138
"Search(h_tab+GUB,eps=2.5)",True,0.15907774900551885,4.1222559248362245,17,75,st-custom-base-grid2d-s4-seed00006,600.0,grid2d,grid2d,base-grid2d-s4-seed00006,1,46,246
"Search(h_tab+GUB,eps=2.5)",True,0.08580866584088653,2.7166942139479047,11,47,st-custom-base-grid2d-s4-seed00007,600.0,grid2d,grid2d,base-grid2d-s4-seed00007,1,46,270
"Search(h_tab+GUB,eps=2.5)",True,0.04357675008941442,3.1420437752111634,9,27,st-custom-base-grid2d-s4-seed00008,600.0,grid2d,grid2d,base-grid2d-s4-seed00008,1,24,133
"Search(h_tab+GUB,eps=2.5)",True,0.15777408401481807,2.9529999909713003,17,92,st-custom-base-grid2d-s4-seed00009,600.0,grid2d,grid2d,base-grid2d-s4-seed00009,1,23,158
"Search(h_tab+GUB,eps=2.5)",True,0.0979698330629617,5.695095592764671,15,41,st-custom-base-grid2d-s4-seed00010,600.0,grid2d,grid2d,base-grid2d-s4-seed00010,1,36,222
"Search(h_tab+GUB,eps=2.5)",True,0.1418307509738952,3.518690738175113,10,38,st-custom-base-grid2d-s4-seed00011,600.0,grid2d,grid2d,base-grid2d-s4-seed00011,1,46,308
"Search(h_tab+GUB,eps=2.5)",True,0.17168141610454768,6.76285675259189,14,52,st-custom-base-grid2d-s4-seed00012,600.0,grid2d,grid2d,base-grid2d-s4-seed00012,1,44,270
"Search(h_tab+GUB,eps=2.5)",True,0.061843832954764366,5.621579730350574,14,30,st-custom-base-grid2d-s4-seed00013,600.0,grid2d,grid2d,base-grid2d-s4-seed00013,1,29,145
"Search(h_tab+GUB,eps=2.5)",True,0.024050583015196025,2.6604610475340893,7,19,st-custom-base-grid2d-s4-seed00014,600.0,grid2d,grid2d,base-grid2d-s4-seed00014,1,37,181
"Search(h_tab+GUB,eps=2.5)",True,0.07194129191339016,2.1780549571803083,16,58,st-custom-base-grid2d-s4-seed00015,600.0,grid2d,grid2d,base-grid2d-s4-seed00015,1,30,126
"Search(h_tab+GUB,eps=2.5)",True,0.12749233294744045,3.78740956495475,26,78,st-custom-base-grid2d-s4-seed00016,600.0,grid2d,grid2d,base-grid2d-s4-seed00016,1,38,211
"Search(h_tab+GUB,eps=2.5)",True,0.041875083930790424,4.9806893294466255,14,37,st-custom-base-grid2d-s4-seed00017,600.0,grid2d,grid2d,base-grid2d-s4-seed00017,1,24,100
"Search(h_tab+GUB,eps=2.5)",True,0.08098712505307049,3.9017141501287798,12,34,st-custom-base-grid2d-s4-seed00018,600.0,grid2d,grid2d,base-grid2d-s4-seed00018,1,40,223
"Search(h_tab+GUB,eps=2.5)",True,0.7490889580221847,5.531823493149248,102,329,st-custom-base-grid2d-s4-seed00019,600.0,grid2d,grid2d,base-grid2d-s4-seed00019,1,45,189
"Search(h_tab+GUB,eps=2.5)",True,0.11468245880678296,6.705004730821122,22,78,st-custom-base-iris-2d-m10-seed00000,600.0,iris-2d,iris-2d,base-iris-2d-m10-seed00000,1,32,238
"Search(h_tab+GUB,eps=2.5)",True,0.09588791709393263,8.559154056600853,14,79,st-custom-base-iris-2d-m10-seed00001,600.0,iris-2d,iris-2d,base-iris-2d-m10-seed00001,1,22,157
"Search(h_tab+GUB,eps=2.5)",True,0.5442329167854041,7.653929411337511,91,492,st-custom-base-iris-2d-m10-seed00002,600.0,iris-2d,iris-2d,base-iris-2d-m10-seed00002,1,33,222
"Search(h_tab+GUB,eps=2.5)",True,6.416354123968631,9.6987975044104,2838,6864,st-custom-base-iris-2d-m10-seed00004,600.0,iris-2d,iris-2d,base-iris-2d-m10-seed00004,2,25,129
"Search(h_tab+GUB,eps=2.5)",True,0.046857125824317336,13.937956054431673,22,41,st-custom-base-iris-2d-m10-seed00005,600.0,iris-2d,iris-2d,base-iris-2d-m10-seed00005,2,9,34
"Search(h_tab+GUB,eps=2.5)",True,1.2017225411254913,6.019620015288533,369,1115,st-custom-base-iris-2d-m10-seed00006,600.0,iris-2d,iris-2d,base-iris-2d-m10-seed00006,1,34,183
"Search(h_tab+GUB,eps=2.5)",True,0.045564875937998295,11.56964338400412,10,20,st-custom-base-iris-2d-m10-seed00007,600.0,iris-2d,iris-2d,base-iris-2d-m10-seed00007,0,9,30
"Search(h_tab+GUB,eps=2.5)",True,11.162376665975899,9.764346294177942,8134,11619,st-custom-base-iris-2d-m10-seed00008,600.0,iris-2d,iris-2d,base-iris-2d-m10-seed00008,1,25,192
"Search(h_tab+GUB,eps=2.5)",True,0.0830832498613745,7.391194093358615,17,77,st-custom-base-iris-2d-m10-seed00009,600.0,iris-2d,iris-2d,base-iris-2d-m10-seed00009,1,31,200
"Search(h_tab+GUB,eps=2.5)",True,0.05731454212218523,5.817321747079261,7,33,st-custom-base-iris-2d-m10-seed00011,600.0,iris-2d,iris-2d,base-iris-2d-m10-seed00011,2,23,170
"Search(h_tab+GUB,eps=2.5)",True,0.1913801657501608,15.045163062272783,91,151,st-custom-base-iris-2d-m10-seed00012,600.0,iris-2d,iris-2d,base-iris-2d-m10-seed00012,2,38,180
"Search(h_tab+GUB,eps=2.5)",True,0.06513387500308454,9.089439999332516,5,21,st-custom-base-iris-2d-m10-seed00013,600.0,iris-2d,iris-2d,base-iris-2d-m10-seed00013,1,28,165
"Search(h_tab+GUB,eps=2.5)",True,0.028169458964839578,15.59221879854108,11,32,st-custom-base-iris-2d-m10-seed00014,600.0,iris-2d,iris-2d,base-iris-2d-m10-seed00014,2,21,89
"Search(h_tab+GUB,eps=2.5)",True,0.481594082666561,10.806343994189351,128,305,st-custom-base-iris-2d-m10-seed00015,600.0,iris-2d,iris-2d,base-iris-2d-m10-seed00015,1,31,185
"Search(h_tab+GUB,eps=2.5)",True,3.280580084072426,8.362312877711487,936,1899,st-custom-base-iris-2d-m10-seed00016,600.0,iris-2d,iris-2d,base-iris-2d-m10-seed00016,2,35,202
"Search(h_tab+GUB,eps=2.5)",True,0.04538149875588715,11.443326653484288,22,39,st-custom-base-iris-2d-m10-seed00019,600.0,iris-2d,iris-2d,base-iris-2d-m10-seed00019,0,10,36
"Search(h_tab+GUB,eps=2.5)",True,0.5277965830173343,18.68161778892862,393,573,st-custom-base-iris-2d-m10-seed00020,600.0,iris-2d,iris-2d,base-iris-2d-m10-seed00020,2,27,102
"Search(h_tab+GUB,eps=2.5)",True,1.5824402088765055,8.239886082345969,492,1743,st-custom-base-iris-2d-m10-seed00021,600.0,iris-2d,iris-2d,base-iris-2d-m10-seed00021,2,30,136
"Search(h_tab+GUB,eps=2.5)",True,11.028105666860938,5.999999999680937,1535,13117,st-custom-base-iris-2d-m10-seed00022,600.0,iris-2d,iris-2d,base-iris-2d-m10-seed00022,2,20,154
"Search(h_tab+GUB,eps=2.5)",True,0.4606080411467701,12.409176148846386,260,431,st-custom-base-iris-2d-m10-seed00024,600.0,iris-2d,iris-2d,base-iris-2d-m10-seed00024,1,32,185
