"Search(h_mot+GUB,eps=5)",True,0.23036779183894396,21.000000206124135,213,274,st-custom-base-maze-10x10-seed00000,600.0,maze,maze,base-maze-10x10-seed00000,2,21,74
"Search(h_mot+GUB,eps=5)",True,141.59328250028193,17.000000000113108,75018,109841,st-custom-base-maze-10x10-seed00001,600.0,maze,maze,base-maze-10x10-seed00001,2,48,282
"Search(h_mot+GUB,eps=5)",True,0.14377091731876135,15.500000001838103,102,185,st-custom-base-maze-10x10-seed00002,600.0,maze,maze,base-maze-10x10-seed00002,2,33,154
"Search(h_mot+GUB,eps=5)",True,1.0200568325817585,26.000000000604942,962,1105,st-custom-base-maze-10x10-seed00003,600.0,maze,maze,base-maze-10x10-seed00003,2,31,126
"Search(h_mot+GUB,eps=5)",True,0.19581745844334364,18.0000002670373,184,223,st-custom-base-maze-10x10-seed00004,600.0,maze,maze,base-maze-10x10-seed00004,3,22,75
"Search(h_mot+GUB,eps=5)",True,0.10371933411806822,19.12500016052394,71,104,st-custom-base-maze-10x10-seed00005,600.0,maze,maze,base-maze-10x10-seed00005,2,22,97
"Search(h_mot+GUB,eps=5)",True,503.7472378332168,21.38889059490811,123773,391169,st-custom-base-maze-10x10-seed00006,600.0,maze,maze,base-maze-10x10-seed00006,3,47,227
"Search(h_mot+GUB,eps=5)",True,0.19456725101917982,23.00000000826928,183,224,st-custom-base-maze-10x10-seed00007,600.0,maze,maze,base-maze-10x10-seed00007,2,30,175
"Search(h_mot+GUB,eps=5)",True,0.08005808386951685,19.00000000004244,32,51,st-custom-base-maze-10x10-seed00008,600.0,maze,maze,base-maze-10x10-seed00008,4,48,227
"Search(h_mot+GUB,eps=5)",True,1.2149297911673784,8.687123388864235,95,1169,st-custom-base-maze-10x10-seed00009,600.0,maze,maze,base-maze-10x10-seed00009,2,107,933
"Search(h_mot+GUB,eps=5)",True,0.1117037091171369,19.00000005149219,55,83,st-custom-base-maze-10x10-seed00010,600.0,maze,maze,base-maze-10x10-seed00010,3,35,149
"Search(h_mot+GUB,eps=5)",True,0.024070959072560072,20.500000001008853,23,39,st-custom-base-maze-10x10-seed00011,600.0,maze,maze,base-maze-10x10-seed00011,2,26,96
"Search(h_mot+GUB,eps=5)",True,0.12128062499687076,21.00000000185985,95,124,st-custom-base-maze-10x10-seed00012,600.0,maze,maze,base-maze-10x10-seed00012,4,54,263
"Search(h_mot+GUB,eps=5)",True,7.016777375014499,15.500000016574008,4736,8085,st-custom-base-maze-10x10-seed00013,600.0,maze,maze,base-maze-10x10-seed00013,5,53,255
"Search(h_mot+GUB,eps=5)",True,2.214119082898833,22.49999900103871,1689,2857,st-custom-base-maze-10x10-seed00014,600.0,maze,maze,base-maze-10x10-seed00014,2,50,271
"Search(h_mot+GUB,eps=5)",True,1.0316632920876145,19.500000004400977,520,1408,st-custom-base-maze-10x10-seed00015,600.0,maze,maze,base-maze-10x10-seed00015,2,46,225
"Search(h_mot+GUB,eps=5)",False,600.1108215410495,inf,275483,664037,st-custom-base-maze-10x10-seed00016,600.0,maze,maze,base-maze-10x10-seed00016,2,51,263
"Search(h_mot+GUB,eps=5)",True,47.176610832917504,11.500000001232952,23114,46817,st-custom-base-maze-10x10-seed00017,600.0,maze,maze,base-maze-10x10-seed00017,2,84,467
"Search(h_mot+GUB,eps=5)",True,3.847151792026125,13.000000331240111,1592,3922,st-custom-base-maze-10x10-seed00018,600.0,maze,maze,base-maze-10x10-seed00018,2,68,389
"Search(h_mot+GUB,eps=5)",False,600.1558400420472,inf,272946,553484,st-custom-base-maze-10x10-seed00019,600.0,maze,maze,base-maze-10x10-seed00019,2,70,387
"Search(h_mot+GUB,eps=5)",True,0.17232654202962294,3.6422289522584355,11,38,st-custom-base-grid2d-s4-seed00000,600.0,grid2d,grid2d,base-grid2d-s4-seed00000,1,41,271
"Search(h_mot+GUB,eps=5)",True,13.6220350000076,7.577597025680314,8441,9368,st-custom-base-grid2d-s4-seed00001,600.0,grid2d,grid2d,base-grid2d-s4-seed00001,1,55,303
"Search(h_mot+GUB,eps=5)",True,0.07014545693527907,3.324308837760753,13,41,st-custom-base-grid2d-s4-seed00002,600.0,grid2d,grid2d,base-grid2d-s4-seed00002,1,42,210
"Search(h_mot+GUB,eps=5)",True,0.07743583293631673,4.537880242467295,8,31,st-custom-base-grid2d-s4-seed00003,600.0,grid2d,grid2d,base-grid2d-s4-seed00003,1,28,151
"Search(h_mot+GUB,eps=5)",True,0.17287695896811783,5.83936517290365,40,125,st-custom-base-grid2d-s4-seed00004,600.0,grid2d,grid2d,base-grid2d-s4-seed00004,1,33,120
"Search(h_mot+GUB,eps=5)",True,0.08937349903862923,3.337951975905582,12,47,st-custom-base-grid2d-s4-seed00005,600.0,grid2d,grid2d,base-grid2d-s4-seed00005,1,25,138
"Search(h_mot+GUB,eps=5)",True,0.7836475409567356,3.747359398938039,133,584,st-custom-base-grid2d-s4-seed00006,600.0,grid2d,grid2d,base-grid2d-s4-seed00006,1,46,246
"Search(h_mot+GUB,eps=5)",True,0.6428627079585567,2.7166942139479047,151,623,st-custom-base-grid2d-s4-seed00007,600.0,grid2d,grid2d,base-grid2d-s4-seed00007,1,46,270
"Search(h_mot+GUB,eps=5)",True,0.08370108401868492,3.1420437757684687,12,45,st-custom-base-grid2d-s4-seed00008,600.0,grid2d,grid2d,base-grid2d-s4-seed00008,1,24,133
"Search(h_mot+GUB,eps=5)",True,0.052774042007513344,2.9529999909713003,6,26,st-custom-base-grid2d-s4-seed00009,600.0,grid2d,grid2d,base-grid2d-s4-seed00009,1,23,158
"Search(h_mot+GUB,eps=5)",True,11.340610749088228,5.695095592769281,10327,12115,st-custom-base-grid2d-s4-seed00010,600.0,grid2d,grid2d,base-grid2d-s4-seed00010,1,36,222
"Search(h_mot+GUB,eps=5)",True,0.16019304213114083,3.518690738175113,10,45,st-custom-base-grid2d-s4-seed00011,600.0,grid2d,grid2d,base-grid2d-s4-seed00011,1,46,308
"Search(h_mot+GUB,eps=5)",False,600.2180672500981,inf,127528,268739,st-custom-base-grid2d-s4-seed00012,600.0,grid2d,grid2d,base-grid2d-s4-seed00012,1,44,270
"Search(h_mot+GUB,eps=5)",True,0.6293444579932839,5.621579730350574,292,481,st-custom-base-grid2d-s4-seed00013,600.0,grid2d,grid2d,base-grid2d-s4-seed00013,1,29,145
"Search(h_mot+GUB,eps=5)",True,0.4548851659055799,2.6604610475340893,99,436,st-custom-base-grid2d-s4-seed00014,600.0,grid2d,grid2d,base-grid2d-s4-seed00014,1,37,181
"Search(h_mot+GUB,eps=5)",True,0.08218454103916883,2.1780549571803083,13,50,st-custom-base-grid2d-s4-seed00015,600.0,grid2d,grid2d,base-grid2d-s4-seed00015,1,30,126
"Search(h_mot+GUB,eps=5)",True,0.08109679108019918,3.78740956495475,12,56,st-custom-base-grid2d-s4-seed00016,600.0,grid2d,grid2d,base-grid2d-s4-seed00016,1,38,211
"Search(h_mot+GUB,eps=5)",True,0.15148058289196342,4.9806893294466255,51,122,st-custom-base-grid2d-s4-seed00017,600.0,grid2d,grid2d,base-grid2d-s4-seed00017,1,24,100
"Search(h_mot+GUB,eps=5)",True,0.12111762503627688,3.9017142625011534,23,92,st-custom-base-grid2d-s4-seed00018,600.0,grid2d,grid2d,base-grid2d-s4-seed00018,1,40,223
"Search(h_mot+GUB,eps=5)",True,1.4441703340271488,5.531823518261686,910,1202,st-custom-base-grid2d-s4-seed00019,600.0,grid2d,grid2d,base-grid2d-s4-seed00019,1,45,189
"Search(h_mot+GUB,eps=5)",True,0.11034483392722905,6.705004730821122,50,138,st-custom-base-iris-2d-m10-seed00000,600.0,iris-2d,iris-2d,base-iris-2d-m10-seed00000,1,32,238
"Search(h_mot+GUB,eps=5)",True,1.8960265831556171,8.559154056600853,338,1686,st-custom-base-iris-2d-m10-seed00001,600.0,iris-2d,iris-2d,base-iris-2d-m10-seed00001,1,22,157
"Search(h_mot+GUB,eps=5)",True,0.12594958278350532,7.539454610748622,11,67,st-custom-base-iris-2d-m10-seed00002,600.0,iris-2d,iris-2d,base-iris-2d-m10-seed00002,1,33,222
"Search(h_mot+GUB,eps=5)",True,38.90801474987529,9.698796718261127,24009,36228,st-custom-base-iris-2d-m10-seed00004,600.0,iris-2d,iris-2d,base-iris-2d-m10-seed00004,2,25,129
"Search(h_mot+GUB,eps=5)",True,0.04895329079590738,13.937956054431673,24,46,st-custom-base-iris-2d-m10-seed00005,600.0,iris-2d,iris-2d,base-iris-2d-m10-seed00005,2,9,34
"Search(h_mot+GUB,eps=5)",True,0.11162616801448166,6.196568059018765,16,56,st-custom-base-iris-2d-m10-seed00006,600.0,iris-2d,iris-2d,base-iris-2d-m10-seed00006,1,34,183
"Search(h_mot+GUB,eps=5)",True,0.028205667156726122,11.56964338400412,12,22,st-custom-base-iris-2d-m10-seed00007,600.0,iris-2d,iris-2d,base-iris-2d-m10-seed00007,0,9,30
"Search(h_mot+GUB,eps=5)",True,0.07307870895601809,9.764347360715366,18,40,st-custom-base-iris-2d-m10-seed00008,600.0,iris-2d,iris-2d,base-iris-2d-m10-seed00008,1,25,192
"Search(h_mot+GUB,eps=5)",True,0.1034785418305546,7.391194093021477,11,45,st-custom-base-iris-2d-m10-seed00009,600.0,iris-2d,iris-2d,base-iris-2d-m10-seed00009,1,31,200
"Search(h_mot+GUB,eps=5)",True,0.06723958323709667,5.817321747079261,7,33,st-custom-base-iris-2d-m10-seed00011,600.0,iris-2d,iris-2d,base-iris-2d-m10-seed00011,2,23,170
"Search(h_mot+GUB,eps=5)",True,0.5326207079924643,15.394699212435997,461,594,st-custom-base-iris-2d-m10-seed00012,600.0,iris-2d,iris-2d,base-iris-2d-m10-seed00012,2,38,180
"Search(h_mot+GUB,eps=5)",True,0.21909104171209037,9.089439999332516,116,248,st-custom-base-iris-2d-m10-seed00013,600.0,iris-2d,iris-2d,base-iris-2d-m10-seed00013,1,28,165
"Search(h_mot+GUB,eps=5)",True,0.23393941693939269,14.543758067308767,125,233,st-custom-base-iris-2d-m10-seed00014,600.0,iris-2d,iris-2d,base-iris-2d-m10-seed00014,2,21,89
"Search(h_mot+GUB,eps=5)",True,2.5058787930756807,10.80634399434913,742,1462,st-custom-base-iris-2d-m10-seed00015,600.0,iris-2d,iris-2d,base-iris-2d-m10-seed00015,1,31,185
"Search(h_mot+GUB,eps=5)",True,0.11938545806333423,9.067606607831921,19,69,st-custom-base-iris-2d-m10-seed00016,600.0,iris-2d,iris-2d,base-iris-2d-m10-seed00016,2,35,202
"Search(h_mot+GUB,eps=5)",True,0.052719041937962174,11.443326679401917,23,39,st-custom-base-iris-2d-m10-seed00019,600.0,iris-2d,iris-2d,base-iris-2d-m10-seed00019,0,10,36
"Search(h_mot+GUB,eps=5)",True,0.6927057499997318,18.68161778892862,684,768,st-custom-base-iris-2d-m10-seed00020,600.0,iris-2d,iris-2d,base-iris-2d-m10-seed00020,2,27,102
"Search(h_mot+GUB,eps=5)",True,6.960170625010505,8.239886082345969,4467,7865,st-custom-base-iris-2d-m10-seed00021,600.0,iris-2d,iris-2d,base-iris-2d-m10-seed00021,2,30,136
"Search(h_mot+GUB,eps=5)",True,0.048492333851754665,6.000000006113721,6,43,st-custom-base-iris-2d-m10-seed00022,600.0,iris-2d,iris-2d,base-iris-2d-m10-seed00022,2,20,154
"Search(h_mot+GUB,eps=5)",True,0.6026775829959661,9.964361533892513,264,603,st-custom-base-iris-2d-m10-seed00024,600.0,iris-2d,iris-2d,base-iris-2d-m10-seed00024,1,32,185
