"Search(SC+GUB,eps=10)",True,0.21871220879256725,21.000000206124135,213,274,st-custom-base-maze-10x10-seed00000,600.0,maze,maze,base-maze-10x10-seed00000,2,21,74
"Search(SC+GUB,eps=10)",True,213.60645554121584,17.000000000113108,97866,137227,st-custom-base-maze-10x10-seed00001,600.0,maze,maze,base-maze-10x10-seed00001,2,48,282
"Search(SC+GUB,eps=10)",True,0.0468194168061018,15.500000000166112,27,56,st-custom-base-maze-10x10-seed00002,600.0,maze,maze,base-maze-10x10-seed00002,2,33,154
"Search(SC+GUB,eps=10)",True,1.0294407913461328,26.000000000604942,962,1105,st-custom-base-maze-10x10-seed00003,600.0,maze,maze,base-maze-10x10-seed00003,2,31,126
"Search(SC+GUB,eps=10)",True,0.18946370854973793,18.0000002670373,184,223,st-custom-base-maze-10x10-seed00004,600.0,maze,maze,base-maze-10x10-seed00004,3,22,75
"Search(SC+GUB,eps=10)",True,0.09674112591892481,19.12500016052394,71,104,st-custom-base-maze-10x10-seed00005,600.0,maze,maze,base-maze-10x10-seed00005,2,22,97
"Search(SC+GUB,eps=10)",True,582.1066213743761,21.38889059490811,159175,481462,st-custom-base-maze-10x10-seed00006,600.0,maze,maze,base-maze-10x10-seed00006,3,47,227
"Search(SC+GUB,eps=10)",True,0.17823762632906437,23.00000000826928,182,223,st-custom-base-maze-10x10-seed00007,600.0,maze,maze,base-maze-10x10-seed00007,2,30,175
"Search(SC+GUB,eps=10)",True,0.08487650007009506,19.00000000004244,32,51,st-custom-base-maze-10x10-seed00008,600.0,maze,maze,base-maze-10x10-seed00008,4,48,227
"Search(SC+GUB,eps=10)",True,1.2892321674153209,8.687123388864235,95,1169,st-custom-base-maze-10x10-seed00009,600.0,maze,maze,base-maze-10x10-seed00009,2,107,933
"Search(SC+GUB,eps=10)",True,0.10983329196460545,19.00000005149219,55,83,st-custom-base-maze-10x10-seed00010,600.0,maze,maze,base-maze-10x10-seed00010,3,35,149
"Search(SC+GUB,eps=10)",True,0.023744417005218565,20.500000001008853,23,39,st-custom-base-maze-10x10-seed00011,600.0,maze,maze,base-maze-10x10-seed00011,2,26,96
"Search(SC+GUB,eps=10)",True,0.12086354196071625,21.00000000185985,95,124,st-custom-base-maze-10x10-seed00012,600.0,maze,maze,base-maze-10x10-seed00012,4,54,263
"Search(SC+GUB,eps=10)",True,6.990605374914594,15.500000016574008,4738,8087,st-custom-base-maze-10x10-seed00013,600.0,maze,maze,base-maze-10x10-seed00013,5,53,255
"Search(SC+GUB,eps=10)",True,1.1999324170174077,22.49999900103871,850,1438,st-custom-base-maze-10x10-seed00014,600.0,maze,maze,base-maze-10x10-seed00014,2,50,271
"Search(SC+GUB,eps=10)",True,1.269330249982886,19.500000004400977,944,1832,st-custom-base-maze-10x10-seed00015,600.0,maze,maze,base-maze-10x10-seed00015,2,46,225
"Search(SC+GUB,eps=10)",False,600.1084504999453,inf,275302,663893,st-custom-base-maze-10x10-seed00016,600.0,maze,maze,base-maze-10x10-seed00016,2,51,263
"Search(SC+GUB,eps=10)",False,600.0889171661111,inf,399502,566040,st-custom-base-maze-10x10-seed00017,600.0,maze,maze,base-maze-10x10-seed00017,2,84,467
"Search(SC+GUB,eps=10)",True,6.49193700007163,13.000000331240111,3996,6802,st-custom-base-maze-10x10-seed00018,600.0,maze,maze,base-maze-10x10-seed00018,2,68,389
"Search(SC+GUB,eps=10)",False,600.1556643340737,inf,289367,560064,st-custom-base-maze-10x10-seed00019,600.0,maze,maze,base-maze-10x10-seed00019,2,70,387
"Search(SC+GUB,eps=10)",True,0.17130129103315994,3.6422289522584355,11,38,st-custom-base-grid2d-s4-seed00000,600.0,grid2d,grid2d,base-grid2d-s4-seed00000,1,41,271
"Search(SC+GUB,eps=10)",True,13.713175208016764,7.577597025680314,8445,9388,st-custom-base-grid2d-s4-seed00001,600.0,grid2d,grid2d,base-grid2d-s4-seed00001,1,55,303
"Search(SC+GUB,eps=10)",True,0.07402345794253051,3.324308837760753,15,44,st-custom-base-grid2d-s4-seed00002,600.0,grid2d,grid2d,base-grid2d-s4-seed00002,1,42,210
"Search(SC+GUB,eps=10)",True,0.0795618329429999,4.537880242467295,9,36,st-custom-base-grid2d-s4-seed00003,600.0,grid2d,grid2d,base-grid2d-s4-seed00003,1,28,151
"Search(SC+GUB,eps=10)",True,0.20347491698339581,5.83936517290365,48,158,st-custom-base-grid2d-s4-seed00004,600.0,grid2d,grid2d,base-grid2d-s4-seed00004,1,33,120
"Search(SC+GUB,eps=10)",True,0.10484591696877033,3.337951975905582,14,56,st-custom-base-grid2d-s4-seed00005,600.0,grid2d,grid2d,base-grid2d-s4-seed00005,1,25,138
"Search(SC+GUB,eps=10)",True,0.9760427499422804,3.747359398938039,156,705,st-custom-base-grid2d-s4-seed00006,600.0,grid2d,grid2d,base-grid2d-s4-seed00006,1,46,246
"Search(SC+GUB,eps=10)",True,0.7851357499603182,2.7166942139479047,204,769,st-custom-base-grid2d-s4-seed00007,600.0,grid2d,grid2d,base-grid2d-s4-seed00007,1,46,270
"Search(SC+GUB,eps=10)",True,0.08038191706873477,3.1420437757684687,11,49,st-custom-base-grid2d-s4-seed00008,600.0,grid2d,grid2d,base-grid2d-s4-seed00008,1,24,133
"Search(SC+GUB,eps=10)",True,0.053214373998343945,2.9529999909713003,6,26,st-custom-base-grid2d-s4-seed00009,600.0,grid2d,grid2d,base-grid2d-s4-seed00009,1,23,158
"Search(SC+GUB,eps=10)",True,11.37774574989453,5.695095592769281,10348,12140,st-custom-base-grid2d-s4-seed00010,600.0,grid2d,grid2d,base-grid2d-s4-seed00010,1,36,222
"Search(SC+GUB,eps=10)",True,0.15984591701999307,3.518690738175113,10,46,st-custom-base-grid2d-s4-seed00011,600.0,grid2d,grid2d,base-grid2d-s4-seed00011,1,46,308
"Search(SC+GUB,eps=10)",False,600.2188425009372,inf,169515,278275,st-custom-base-grid2d-s4-seed00012,600.0,grid2d,grid2d,base-grid2d-s4-seed00012,1,44,270
"Search(SC+GUB,eps=10)",True,1.3203555839136243,5.621579730350574,638,982,st-custom-base-grid2d-s4-seed00013,600.0,grid2d,grid2d,base-grid2d-s4-seed00013,1,29,145
"Search(SC+GUB,eps=10)",True,0.677572040935047,2.6604610475340893,165,631,st-custom-base-grid2d-s4-seed00014,600.0,grid2d,grid2d,base-grid2d-s4-seed00014,1,37,181
"Search(SC+GUB,eps=10)",True,0.08215262414887547,2.1780549571803083,13,50,st-custom-base-grid2d-s4-seed00015,600.0,grid2d,grid2d,base-grid2d-s4-seed00015,1,30,126
"Search(SC+GUB,eps=10)",True,0.08102970803156495,3.78740956495475,12,59,st-custom-base-grid2d-s4-seed00016,600.0,grid2d,grid2d,base-grid2d-s4-seed00016,1,38,211
"Search(SC+GUB,eps=10)",True,0.11254633299540728,6.6034675829751555,20,55,st-custom-base-grid2d-s4-seed00017,600.0,grid2d,grid2d,base-grid2d-s4-seed00017,1,24,100
"Search(SC+GUB,eps=10)",True,0.1205520840594545,3.9017142625011534,23,92,st-custom-base-grid2d-s4-seed00018,600.0,grid2d,grid2d,base-grid2d-s4-seed00018,1,40,223
"Search(SC+GUB,eps=10)",True,1.667931625037454,5.531823518261686,1024,1332,st-custom-base-grid2d-s4-seed00019,600.0,grid2d,grid2d,base-grid2d-s4-seed00019,1,45,189
"Search(SC+GUB,eps=10)",True,0.1551485829986632,6.705004730821122,76,198,st-custom-base-iris-2d-m10-seed00000,600.0,iris-2d,iris-2d,base-iris-2d-m10-seed00000,1,32,238
"Search(SC+GUB,eps=10)",True,2.5449751259293407,8.559154056600853,471,2454,st-custom-base-iris-2d-m10-seed00001,600.0,iris-2d,iris-2d,base-iris-2d-m10-seed00001,1,22,157
"Search(SC+GUB,eps=10)",True,0.12664141599088907,7.539454610748622,11,68,st-custom-base-iris-2d-m10-seed00002,600.0,iris-2d,iris-2d,base-iris-2d-m10-seed00002,1,33,222
"Search(SC+GUB,eps=10)",True,39.17417904199101,9.698796718261127,24009,36228,st-custom-base-iris-2d-m10-seed00004,600.0,iris-2d,iris-2d,base-iris-2d-m10-seed00004,2,25,129
"Search(SC+GUB,eps=10)",True,0.04752883315086365,13.937956054431673,22,41,st-custom-base-iris-2d-m10-seed00005,600.0,iris-2d,iris-2d,base-iris-2d-m10-seed00005,2,9,34
"Search(SC+GUB,eps=10)",True,0.11874941596761346,6.196568059018765,24,70,st-custom-base-iris-2d-m10-seed00006,600.0,iris-2d,iris-2d,base-iris-2d-m10-seed00006,1,34,183
"Search(SC+GUB,eps=10)",True,0.027986583998426795,11.56964338400412,12,22,st-custom-base-iris-2d-m10-seed00007,600.0,iris-2d,iris-2d,base-iris-2d-m10-seed00007,0,9,30
"Search(SC+GUB,eps=10)",True,0.06350291683338583,9.764347360715366,18,40,st-custom-base-iris-2d-m10-seed00008,600.0,iris-2d,iris-2d,base-iris-2d-m10-seed00008,1,25,192
"Search(SC+GUB,eps=10)",True,0.10172962490469217,7.391194093021477,11,45,st-custom-base-iris-2d-m10-seed00009,600.0,iris-2d,iris-2d,base-iris-2d-m10-seed00009,1,31,200
"Search(SC+GUB,eps=10)",True,0.06836566608399153,5.817321747079261,7,33,st-custom-base-iris-2d-m10-seed00011,600.0,iris-2d,iris-2d,base-iris-2d-m10-seed00011,2,23,170
"Search(SC+GUB,eps=10)",True,0.5822420839685947,15.394699212435997,496,632,st-custom-base-iris-2d-m10-seed00012,600.0,iris-2d,iris-2d,base-iris-2d-m10-seed00012,2,38,180
"Search(SC+GUB,eps=10)",True,0.21873287507332861,9.089439999332516,116,248,st-custom-base-iris-2d-m10-seed00013,600.0,iris-2d,iris-2d,base-iris-2d-m10-seed00013,1,28,165
"Search(SC+GUB,eps=10)",True,0.2147740840446204,14.543758067308767,125,233,st-custom-base-iris-2d-m10-seed00014,600.0,iris-2d,iris-2d,base-iris-2d-m10-seed00014,2,21,89
"Search(SC+GUB,eps=10)",True,2.369334541959688,10.80634399434913,743,1463,st-custom-base-iris-2d-m10-seed00015,600.0,iris-2d,iris-2d,base-iris-2d-m10-seed00015,1,31,185
"Search(SC+GUB,eps=10)",True,0.12003191700205207,9.067606607831921,19,69,st-custom-base-iris-2d-m10-seed00016,600.0,iris-2d,iris-2d,base-iris-2d-m10-seed00016,2,35,202
"Search(SC+GUB,eps=10)",True,0.051412499975413084,11.443326679401917,23,39,st-custom-base-iris-2d-m10-seed00019,600.0,iris-2d,iris-2d,base-iris-2d-m10-seed00019,0,10,36
"Search(SC+GUB,eps=10)",True,0.6852374998852611,18.939308477378354,691,770,st-custom-base-iris-2d-m10-seed00020,600.0,iris-2d,iris-2d,base-iris-2d-m10-seed00020,2,27,102
"Search(SC+GUB,eps=10)",True,8.20643466617912,8.239886082345969,6361,9312,st-custom-base-iris-2d-m10-seed00021,600.0,iris-2d,iris-2d,base-iris-2d-m10-seed00021,2,30,136
"Search(SC+GUB,eps=10)",True,0.041039248928427696,6.501376965890951,5,34,st-custom-base-iris-2d-m10-seed00022,600.0,iris-2d,iris-2d,base-iris-2d-m10-seed00022,2,20,154
"Search(SC+GUB,eps=10)",True,0.6047332922462374,9.964361533892513,264,603,st-custom-base-iris-2d-m10-seed00024,600.0,iris-2d,iris-2d,base-iris-2d-m10-seed00024,1,32,185
